Name,Date,Active cases
AnHui,2020/6/1,0 
AnHui,2020/5/31,0 
AnHui,2020/5/30,0 
AnHui,2020/5/29,0 
AnHui,2020/5/28,0 
AnHui,2020/5/27,0 
AnHui,2020/5/26,0 
AnHui,2020/5/25,0 
AnHui,2020/5/24,0 
AnHui,2020/5/23,0 
AnHui,2020/5/22,0 
AnHui,2020/5/21,0 
AnHui,2020/5/20,0 
AnHui,2020/5/19,0 
AnHui,2020/5/18,0 
AnHui,2020/5/17,0 
AnHui,2020/5/16,0 
AnHui,2020/5/15,0 
AnHui,2020/5/14,0 
AnHui,2020/5/13,0 
AnHui,2020/5/12,0 
AnHui,2020/5/11,0 
AnHui,2020/5/10,0 
AnHui,2020/5/9,0 
AnHui,2020/5/8,0 
AnHui,2020/5/7,0 
AnHui,2020/5/6,0 
AnHui,2020/5/5,0 
AnHui,2020/5/4,0 
AnHui,2020/5/3,0 
AnHui,2020/5/2,0 
AnHui,2020/5/1,0 
AnHui,2020/4/30,0 
AnHui,2020/4/29,0 
AnHui,2020/4/28,0 
AnHui,2020/4/27,0 
AnHui,2020/4/26,0 
AnHui,2020/4/25,0 
AnHui,2020/4/24,0 
AnHui,2020/4/23,1 
AnHui,2020/4/22,1 
AnHui,2020/4/21,1 
AnHui,2020/4/20,1 
AnHui,2020/4/19,1 
AnHui,2020/4/18,1 
AnHui,2020/4/17,1 
AnHui,2020/4/16,1 
AnHui,2020/4/15,1 
AnHui,2020/4/14,1 
AnHui,2020/4/13,1 
AnHui,2020/4/12,1 
AnHui,2020/4/11,1 
AnHui,2020/4/10,1 
AnHui,2020/4/9,1 
AnHui,2020/4/8,0 
AnHui,2020/4/7,0 
AnHui,2020/4/6,0 
AnHui,2020/4/5,0 
AnHui,2020/4/4,0 
AnHui,2020/4/3,0 
AnHui,2020/4/2,0 
AnHui,2020/4/1,0 
AnHui,2020/3/31,0 
AnHui,2020/3/30,0 
AnHui,2020/3/29,0 
AnHui,2020/3/28,0 
AnHui,2020/3/27,0 
AnHui,2020/3/26,0 
AnHui,2020/3/25,0 
AnHui,2020/3/24,0 
AnHui,2020/3/23,0 
AnHui,2020/3/22,0 
AnHui,2020/3/21,0 
AnHui,2020/3/20,0 
AnHui,2020/3/19,0 
AnHui,2020/3/18,0 
AnHui,2020/3/17,0 
AnHui,2020/3/16,0 
AnHui,2020/3/15,0 
AnHui,2020/3/14,0 
AnHui,2020/3/13,0 
AnHui,2020/3/12,0 
AnHui,2020/3/11,0 
AnHui,2020/3/10,0 
AnHui,2020/3/9,0 
AnHui,2020/3/8,0 
AnHui,2020/3/7,5 
AnHui,2020/3/6,5 
AnHui,2020/3/5,14 
AnHui,2020/3/4,28 
AnHui,2020/3/3,48 
AnHui,2020/3/2,67 
AnHui,2020/3/1,111 
AnHui,2020/2/29,116 
AnHui,2020/2/28,163 
AnHui,2020/2/27,191 
AnHui,2020/2/26,239 
AnHui,2020/2/25,271 
AnHui,2020/2/24,320 
AnHui,2020/2/23,346 
AnHui,2020/2/22,386 
AnHui,2020/2/21,443 
AnHui,2020/2/20,507 
AnHui,2020/2/19,567 
AnHui,2020/2/18,615 
AnHui,2020/2/17,687 
AnHui,2020/2/16,701 
AnHui,2020/2/15,723 
AnHui,2020/2/14,735 
AnHui,2020/2/13,748 
AnHui,2020/2/12,758 
AnHui,2020/2/11,751 
AnHui,2020/2/10,739 
AnHui,2020/2/9,706 
AnHui,2020/2/8,674 
AnHui,2020/2/7,618 
AnHui,2020/2/6,557 
AnHui,2020/2/5,507 
AnHui,2020/2/4,460 
AnHui,2020/2/3,394 
AnHui,2020/2/2,333 
AnHui,2020/2/1,292 
AnHui,2020/1/31,234 
AnHui,2020/1/30,198 
AnHui,2020/1/29,150 
AnHui,2020/1/28,106 
AnHui,2020/1/27,70 
AnHui,2020/1/26,60 
AnHui,2020/1/25,39 
AnHui,2020/1/24,15 
AnHui,2020/1/23,9 
AnHui,2020/1/22,1 
BeiJing,2020/6/1,3 
BeiJing,2020/5/31,3 
BeiJing,2020/5/30,3 
BeiJing,2020/5/29,3 
BeiJing,2020/5/28,3 
BeiJing,2020/5/27,3 
BeiJing,2020/5/26,3 
BeiJing,2020/5/25,3 
BeiJing,2020/5/24,3 
BeiJing,2020/5/23,3 
BeiJing,2020/5/22,5 
BeiJing,2020/5/21,6 
BeiJing,2020/5/20,6 
BeiJing,2020/5/19,6 
BeiJing,2020/5/18,6 
BeiJing,2020/5/17,6 
BeiJing,2020/5/16,7 
BeiJing,2020/5/15,8 
BeiJing,2020/5/14,10 
BeiJing,2020/5/13,10 
BeiJing,2020/5/12,11 
BeiJing,2020/5/11,13 
BeiJing,2020/5/10,16 
BeiJing,2020/5/9,19 
BeiJing,2020/5/8,24 
BeiJing,2020/5/7,24 
BeiJing,2020/5/6,27 
BeiJing,2020/5/5,29 
BeiJing,2020/5/4,30 
BeiJing,2020/5/3,31 
BeiJing,2020/5/2,37 
BeiJing,2020/5/1,37 
BeiJing,2020/4/30,37 
BeiJing,2020/4/29,42 
BeiJing,2020/4/28,46 
BeiJing,2020/4/27,48 
BeiJing,2020/4/26,59 
BeiJing,2020/4/25,60 
BeiJing,2020/4/24,60 
BeiJing,2020/4/23,61 
BeiJing,2020/4/22,67 
BeiJing,2020/4/21,69 
BeiJing,2020/4/20,71 
BeiJing,2020/4/19,75 
BeiJing,2020/4/18,76 
BeiJing,2020/4/17,76 
BeiJing,2020/4/16,82 
BeiJing,2020/4/15,87 
BeiJing,2020/4/14,90 
BeiJing,2020/4/13,97 
BeiJing,2020/4/12,102 
BeiJing,2020/4/11,107 
BeiJing,2020/4/10,111 
BeiJing,2020/4/9,116 
BeiJing,2020/4/8,125 
BeiJing,2020/4/7,131 
BeiJing,2020/4/6,136 
BeiJing,2020/4/5,137 
BeiJing,2020/4/4,139 
BeiJing,2020/4/3,142 
BeiJing,2020/4/2,150 
BeiJing,2020/4/1,154 
BeiJing,2020/3/31,154 
BeiJing,2020/3/30,154 
BeiJing,2020/3/29,157 
BeiJing,2020/3/28,155 
BeiJing,2020/3/27,153 
BeiJing,2020/3/26,152 
BeiJing,2020/3/25,150 
BeiJing,2020/3/24,149 
BeiJing,2020/3/23,128 
BeiJing,2020/3/22,106 
BeiJing,2020/3/21,100 
BeiJing,2020/3/20,93 
BeiJing,2020/3/19,92 
BeiJing,2020/3/18,83 
BeiJing,2020/3/17,79 
BeiJing,2020/3/16,84 
BeiJing,2020/3/15,81 
BeiJing,2020/3/14,80 
BeiJing,2020/3/13,86 
BeiJing,2020/3/12,93 
BeiJing,2020/3/11,101 
BeiJing,2020/3/10,101 
BeiJing,2020/3/9,105 
BeiJing,2020/3/8,112 
BeiJing,2020/3/7,115 
BeiJing,2020/3/6,115 
BeiJing,2020/3/5,113 
BeiJing,2020/3/4,113 
BeiJing,2020/3/3,118 
BeiJing,2020/3/2,124 
BeiJing,2020/3/1,129 
BeiJing,2020/2/29,132 
BeiJing,2020/2/28,146 
BeiJing,2020/2/27,157 
BeiJing,2020/2/26,161 
BeiJing,2020/2/25,181 
BeiJing,2020/2/24,197 
BeiJing,2020/2/23,206 
BeiJing,2020/2/22,217 
BeiJing,2020/2/21,223 
BeiJing,2020/2/20,238 
BeiJing,2020/2/19,244 
BeiJing,2020/2/18,261 
BeiJing,2020/2/17,263 
BeiJing,2020/2/16,268 
BeiJing,2020/2/15,273 
BeiJing,2020/2/14,289 
BeiJing,2020/2/13,294 
BeiJing,2020/2/12,293 
BeiJing,2020/2/11,291 
BeiJing,2020/2/10,291 
BeiJing,2020/2/9,287 
BeiJing,2020/2/8,279 
BeiJing,2020/2/7,263 
BeiJing,2020/2/6,242 
BeiJing,2020/2/5,228 
BeiJing,2020/2/4,204 
BeiJing,2020/2/3,199 
BeiJing,2020/2/2,181 
BeiJing,2020/2/1,158 
BeiJing,2020/1/31,133 
BeiJing,2020/1/30,109 
BeiJing,2020/1/29,106 
BeiJing,2020/1/28,86 
BeiJing,2020/1/27,77 
BeiJing,2020/1/26,66 
BeiJing,2020/1/25,39 
BeiJing,2020/1/24,35 
BeiJing,2020/1/23,22 
BeiJing,2020/1/22,14 
ChongQing,2020/6/1,0 
ChongQing,2020/5/31,0 
ChongQing,2020/5/30,0 
ChongQing,2020/5/29,0 
ChongQing,2020/5/28,0 
ChongQing,2020/5/27,0 
ChongQing,2020/5/26,0 
ChongQing,2020/5/25,0 
ChongQing,2020/5/24,0 
ChongQing,2020/5/23,0 
ChongQing,2020/5/22,0 
ChongQing,2020/5/21,0 
ChongQing,2020/5/20,0 
ChongQing,2020/5/19,0 
ChongQing,2020/5/18,0 
ChongQing,2020/5/17,0 
ChongQing,2020/5/16,0 
ChongQing,2020/5/15,0 
ChongQing,2020/5/14,0 
ChongQing,2020/5/13,0 
ChongQing,2020/5/12,0 
ChongQing,2020/5/11,0 
ChongQing,2020/5/10,0 
ChongQing,2020/5/9,0 
ChongQing,2020/5/8,0 
ChongQing,2020/5/7,0 
ChongQing,2020/5/6,0 
ChongQing,2020/5/5,0 
ChongQing,2020/5/4,0 
ChongQing,2020/5/3,0 
ChongQing,2020/5/2,0 
ChongQing,2020/5/1,0 
ChongQing,2020/4/30,0 
ChongQing,2020/4/29,0 
ChongQing,2020/4/28,0 
ChongQing,2020/4/27,0 
ChongQing,2020/4/26,0 
ChongQing,2020/4/25,0 
ChongQing,2020/4/24,0 
ChongQing,2020/4/23,0 
ChongQing,2020/4/22,3 
ChongQing,2020/4/21,3 
ChongQing,2020/4/20,3 
ChongQing,2020/4/19,3 
ChongQing,2020/4/18,3 
ChongQing,2020/4/17,3 
ChongQing,2020/4/16,3 
ChongQing,2020/4/15,3 
ChongQing,2020/4/14,3 
ChongQing,2020/4/13,3 
ChongQing,2020/4/12,3 
ChongQing,2020/4/11,3 
ChongQing,2020/4/10,3 
ChongQing,2020/4/9,3 
ChongQing,2020/4/8,3 
ChongQing,2020/4/7,3 
ChongQing,2020/4/6,3 
ChongQing,2020/4/5,3 
ChongQing,2020/4/4,3 
ChongQing,2020/4/3,3 
ChongQing,2020/4/2,3 
ChongQing,2020/4/1,3 
ChongQing,2020/3/31,3 
ChongQing,2020/3/30,3 
ChongQing,2020/3/29,3 
ChongQing,2020/3/28,2 
ChongQing,2020/3/27,2 
ChongQing,2020/3/26,2 
ChongQing,2020/3/25,2 
ChongQing,2020/3/24,2 
ChongQing,2020/3/23,1 
ChongQing,2020/3/22,1 
ChongQing,2020/3/21,0 
ChongQing,2020/3/20,0 
ChongQing,2020/3/19,0 
ChongQing,2020/3/18,0 
ChongQing,2020/3/17,0 
ChongQing,2020/3/16,0 
ChongQing,2020/3/15,0 
ChongQing,2020/3/14,1 
ChongQing,2020/3/13,4 
ChongQing,2020/3/12,6 
ChongQing,2020/3/11,16 
ChongQing,2020/3/10,23 
ChongQing,2020/3/9,28 
ChongQing,2020/3/8,43 
ChongQing,2020/3/7,44 
ChongQing,2020/3/6,57 
ChongQing,2020/3/5,58 
ChongQing,2020/3/4,68 
ChongQing,2020/3/3,80 
ChongQing,2020/3/2,101 
ChongQing,2020/3/1,120 
ChongQing,2020/2/29,132 
ChongQing,2020/2/28,148 
ChongQing,2020/2/27,169 
ChongQing,2020/2/26,186 
ChongQing,2020/2/25,198 
ChongQing,2020/2/24,221 
ChongQing,2020/2/23,234 
ChongQing,2020/2/22,239 
ChongQing,2020/2/21,250 
ChongQing,2020/2/20,262 
ChongQing,2020/2/19,281 
ChongQing,2020/2/18,296 
ChongQing,2020/2/17,323 
ChongQing,2020/2/16,339 
ChongQing,2020/2/15,355 
ChongQing,2020/2/14,380 
ChongQing,2020/2/13,397 
ChongQing,2020/2/12,413 
ChongQing,2020/2/11,423 
ChongQing,2020/2/10,418 
ChongQing,2020/2/9,415 
ChongQing,2020/2/8,387 
ChongQing,2020/2/7,393 
ChongQing,2020/2/6,385 
ChongQing,2020/2/5,372 
ChongQing,2020/2/4,355 
ChongQing,2020/2/3,326 
ChongQing,2020/2/2,291 
ChongQing,2020/2/1,243 
ChongQing,2020/1/31,210 
ChongQing,2020/1/30,181 
ChongQing,2020/1/29,146 
ChongQing,2020/1/28,132 
ChongQing,2020/1/27,110 
ChongQing,2020/1/26,75 
ChongQing,2020/1/25,57 
ChongQing,2020/1/24,27 
ChongQing,2020/1/23,9 
ChongQing,2020/1/22,6 
FuJian,2020/6/1,1 
FuJian,2020/5/31,2 
FuJian,2020/5/30,2 
FuJian,2020/5/29,2 
FuJian,2020/5/28,2 
FuJian,2020/5/27,2 
FuJian,2020/5/26,1 
FuJian,2020/5/25,1 
FuJian,2020/5/24,0 
FuJian,2020/5/23,0 
FuJian,2020/5/22,0 
FuJian,2020/5/21,0 
FuJian,2020/5/20,0 
FuJian,2020/5/19,0 
FuJian,2020/5/18,0 
FuJian,2020/5/17,0 
FuJian,2020/5/16,0 
FuJian,2020/5/15,0 
FuJian,2020/5/14,0 
FuJian,2020/5/13,1 
FuJian,2020/5/12,1 
FuJian,2020/5/11,1 
FuJian,2020/5/10,1 
FuJian,2020/5/9,1 
FuJian,2020/5/8,1 
FuJian,2020/5/7,1 
FuJian,2020/5/6,1 
FuJian,2020/5/5,2 
FuJian,2020/5/4,2 
FuJian,2020/5/3,2 
FuJian,2020/5/2,2 
FuJian,2020/5/1,2 
FuJian,2020/4/30,2 
FuJian,2020/4/29,1 
FuJian,2020/4/28,2 
FuJian,2020/4/27,5 
FuJian,2020/4/26,5 
FuJian,2020/4/25,5 
FuJian,2020/4/24,5 
FuJian,2020/4/23,8 
FuJian,2020/4/22,12 
FuJian,2020/4/21,13 
FuJian,2020/4/20,15 
FuJian,2020/4/19,15 
FuJian,2020/4/18,18 
FuJian,2020/4/17,19 
FuJian,2020/4/16,19 
FuJian,2020/4/15,21 
FuJian,2020/4/14,23 
FuJian,2020/4/13,26 
FuJian,2020/4/12,30 
FuJian,2020/4/11,33 
FuJian,2020/4/10,39 
FuJian,2020/4/9,42 
FuJian,2020/4/8,42 
FuJian,2020/4/7,45 
FuJian,2020/4/6,44 
FuJian,2020/4/5,46 
FuJian,2020/4/4,48 
FuJian,2020/4/3,48 
FuJian,2020/4/2,45 
FuJian,2020/4/1,46 
FuJian,2020/3/31,47 
FuJian,2020/3/30,44 
FuJian,2020/3/29,42 
FuJian,2020/3/28,41 
FuJian,2020/3/27,35 
FuJian,2020/3/26,32 
FuJian,2020/3/25,26 
FuJian,2020/3/24,22 
FuJian,2020/3/23,17 
FuJian,2020/3/22,11 
FuJian,2020/3/21,7 
FuJian,2020/3/20,3 
FuJian,2020/3/19,0 
FuJian,2020/3/18,0 
FuJian,2020/3/17,0 
FuJian,2020/3/16,0 
FuJian,2020/3/15,0 
FuJian,2020/3/14,0 
FuJian,2020/3/13,0 
FuJian,2020/3/12,0 
FuJian,2020/3/11,0 
FuJian,2020/3/10,0 
FuJian,2020/3/9,0 
FuJian,2020/3/8,0 
FuJian,2020/3/7,0 
FuJian,2020/3/6,11 
FuJian,2020/3/5,18 
FuJian,2020/3/4,25 
FuJian,2020/3/3,35 
FuJian,2020/3/2,40 
FuJian,2020/3/1,48 
FuJian,2020/2/29,52 
FuJian,2020/2/28,60 
FuJian,2020/2/27,67 
FuJian,2020/2/26,75 
FuJian,2020/2/25,94 
FuJian,2020/2/24,109 
FuJian,2020/2/23,122 
FuJian,2020/2/22,130 
FuJian,2020/2/21,143 
FuJian,2020/2/20,166 
FuJian,2020/2/19,181 
FuJian,2020/2/18,199 
FuJian,2020/2/17,200 
FuJian,2020/2/16,205 
FuJian,2020/2/15,214 
FuJian,2020/2/14,218 
FuJian,2020/2/13,222 
FuJian,2020/2/12,219 
FuJian,2020/2/11,222 
FuJian,2020/2/10,222 
FuJian,2020/2/9,215 
FuJian,2020/2/8,215 
FuJian,2020/2/7,204 
FuJian,2020/2/6,201 
FuJian,2020/2/5,194 
FuJian,2020/2/4,191 
FuJian,2020/2/3,178 
FuJian,2020/2/2,159 
FuJian,2020/2/1,144 
FuJian,2020/1/31,120 
FuJian,2020/1/30,101 
FuJian,2020/1/29,84 
FuJian,2020/1/28,80 
FuJian,2020/1/27,59 
FuJian,2020/1/26,35 
FuJian,2020/1/25,18 
FuJian,2020/1/24,10 
FuJian,2020/1/23,5 
FuJian,2020/1/22,1 
GanSu,2020/6/1,0 
GanSu,2020/5/31,0 
GanSu,2020/5/30,0 
GanSu,2020/5/29,0 
GanSu,2020/5/28,0 
GanSu,2020/5/27,0 
GanSu,2020/5/26,0 
GanSu,2020/5/25,0 
GanSu,2020/5/24,0 
GanSu,2020/5/23,0 
GanSu,2020/5/22,0 
GanSu,2020/5/21,0 
GanSu,2020/5/20,0 
GanSu,2020/5/19,0 
GanSu,2020/5/18,0 
GanSu,2020/5/17,0 
GanSu,2020/5/16,0 
GanSu,2020/5/15,0 
GanSu,2020/5/14,0 
GanSu,2020/5/13,0 
GanSu,2020/5/12,0 
GanSu,2020/5/11,0 
GanSu,2020/5/10,0 
GanSu,2020/5/9,0 
GanSu,2020/5/8,0 
GanSu,2020/5/7,0 
GanSu,2020/5/6,0 
GanSu,2020/5/5,0 
GanSu,2020/5/4,0 
GanSu,2020/5/3,0 
GanSu,2020/5/2,0 
GanSu,2020/5/1,0 
GanSu,2020/4/30,0 
GanSu,2020/4/29,0 
GanSu,2020/4/28,0 
GanSu,2020/4/27,0 
GanSu,2020/4/26,0 
GanSu,2020/4/25,0 
GanSu,2020/4/24,0 
GanSu,2020/4/23,0 
GanSu,2020/4/22,0 
GanSu,2020/4/21,0 
GanSu,2020/4/20,0 
GanSu,2020/4/19,0 
GanSu,2020/4/18,0 
GanSu,2020/4/17,0 
GanSu,2020/4/16,0 
GanSu,2020/4/15,1 
GanSu,2020/4/14,1 
GanSu,2020/4/13,2 
GanSu,2020/4/12,2 
GanSu,2020/4/11,2 
GanSu,2020/4/10,2 
GanSu,2020/4/9,2 
GanSu,2020/4/8,4 
GanSu,2020/4/7,5 
GanSu,2020/4/6,5 
GanSu,2020/4/5,5 
GanSu,2020/4/4,5 
GanSu,2020/4/3,9 
GanSu,2020/4/2,9 
GanSu,2020/4/1,9 
GanSu,2020/3/31,11 
GanSu,2020/3/30,11 
GanSu,2020/3/29,11 
GanSu,2020/3/28,9 
GanSu,2020/3/27,11 
GanSu,2020/3/26,13 
GanSu,2020/3/25,15 
GanSu,2020/3/24,15 
GanSu,2020/3/23,20 
GanSu,2020/3/22,20 
GanSu,2020/3/21,19 
GanSu,2020/3/20,34 
GanSu,2020/3/19,41 
GanSu,2020/3/18,40 
GanSu,2020/3/17,40 
GanSu,2020/3/16,40 
GanSu,2020/3/15,40 
GanSu,2020/3/14,38 
GanSu,2020/3/13,37 
GanSu,2020/3/12,37 
GanSu,2020/3/11,37 
GanSu,2020/3/10,35 
GanSu,2020/3/9,34 
GanSu,2020/3/8,35 
GanSu,2020/3/7,31 
GanSu,2020/3/6,30 
GanSu,2020/3/5,13 
GanSu,2020/3/4,2 
GanSu,2020/3/3,3 
GanSu,2020/3/2,4 
GanSu,2020/3/1,5 
GanSu,2020/2/29,7 
GanSu,2020/2/28,7 
GanSu,2020/2/27,8 
GanSu,2020/2/26,8 
GanSu,2020/2/25,9 
GanSu,2020/2/24,9 
GanSu,2020/2/23,11 
GanSu,2020/2/22,13 
GanSu,2020/2/21,13 
GanSu,2020/2/20,18 
GanSu,2020/2/19,24 
GanSu,2020/2/18,27 
GanSu,2020/2/17,31 
GanSu,2020/2/16,34 
GanSu,2020/2/15,39 
GanSu,2020/2/14,49 
GanSu,2020/2/13,49 
GanSu,2020/2/12,54 
GanSu,2020/2/11,60 
GanSu,2020/2/10,64 
GanSu,2020/2/9,65 
GanSu,2020/2/8,66 
GanSu,2020/2/7,58 
GanSu,2020/2/6,56 
GanSu,2020/2/5,56 
GanSu,2020/2/4,53 
GanSu,2020/2/3,52 
GanSu,2020/2/2,48 
GanSu,2020/2/1,40 
GanSu,2020/1/31,29 
GanSu,2020/1/30,26 
GanSu,2020/1/29,24 
GanSu,2020/1/28,19 
GanSu,2020/1/27,14 
GanSu,2020/1/26,7 
GanSu,2020/1/25,4 
GanSu,2020/1/24,2 
GanSu,2020/1/23,2 
GuangDong,2020/6/1,5 
GuangDong,2020/5/31,4 
GuangDong,2020/5/30,2 
GuangDong,2020/5/29,2 
GuangDong,2020/5/28,2 
GuangDong,2020/5/27,2 
GuangDong,2020/5/26,3 
GuangDong,2020/5/25,3 
GuangDong,2020/5/24,3 
GuangDong,2020/5/23,4 
GuangDong,2020/5/22,3 
GuangDong,2020/5/21,3 
GuangDong,2020/5/20,3 
GuangDong,2020/5/19,3 
GuangDong,2020/5/18,3 
GuangDong,2020/5/17,3 
GuangDong,2020/5/16,3 
GuangDong,2020/5/15,2 
GuangDong,2020/5/14,2 
GuangDong,2020/5/13,2 
GuangDong,2020/5/12,3 
GuangDong,2020/5/11,3 
GuangDong,2020/5/10,4 
GuangDong,2020/5/9,5 
GuangDong,2020/5/8,6 
GuangDong,2020/5/7,6 
GuangDong,2020/5/6,6 
GuangDong,2020/5/5,5 
GuangDong,2020/5/4,9 
GuangDong,2020/5/3,11 
GuangDong,2020/5/2,13 
GuangDong,2020/5/1,15 
GuangDong,2020/4/30,15 
GuangDong,2020/4/29,23 
GuangDong,2020/4/28,26 
GuangDong,2020/4/27,32 
GuangDong,2020/4/26,37 
GuangDong,2020/4/25,36 
GuangDong,2020/4/24,43 
GuangDong,2020/4/23,49 
GuangDong,2020/4/22,63 
GuangDong,2020/4/21,73 
GuangDong,2020/4/20,79 
GuangDong,2020/4/19,82 
GuangDong,2020/4/18,89 
GuangDong,2020/4/17,94 
GuangDong,2020/4/16,92 
GuangDong,2020/4/15,96 
GuangDong,2020/4/14,98 
GuangDong,2020/4/13,93 
GuangDong,2020/4/12,101 
GuangDong,2020/4/11,103 
GuangDong,2020/4/10,102 
GuangDong,2020/4/9,108 
GuangDong,2020/4/8,117 
GuangDong,2020/4/7,124 
GuangDong,2020/4/6,129 
GuangDong,2020/4/5,129 
GuangDong,2020/4/4,130 
GuangDong,2020/4/3,138 
GuangDong,2020/4/2,134 
GuangDong,2020/4/1,136 
GuangDong,2020/3/31,130 
GuangDong,2020/3/30,125 
GuangDong,2020/3/29,118 
GuangDong,2020/3/28,118 
GuangDong,2020/3/27,111 
GuangDong,2020/3/26,104 
GuangDong,2020/3/25,89 
GuangDong,2020/3/24,87 
GuangDong,2020/3/23,75 
GuangDong,2020/3/22,70 
GuangDong,2020/3/21,67 
GuangDong,2020/3/20,64 
GuangDong,2020/3/19,52 
GuangDong,2020/3/18,49 
GuangDong,2020/3/17,49 
GuangDong,2020/3/16,47 
GuangDong,2020/3/15,48 
GuangDong,2020/3/14,49 
GuangDong,2020/3/13,52 
GuangDong,2020/3/12,59 
GuangDong,2020/3/11,66 
GuangDong,2020/3/10,71 
GuangDong,2020/3/9,84 
GuangDong,2020/3/8,89 
GuangDong,2020/3/7,108 
GuangDong,2020/3/6,129 
GuangDong,2020/3/5,163 
GuangDong,2020/3/4,210 
GuangDong,2020/3/3,242 
GuangDong,2020/3/2,284 
GuangDong,2020/3/1,326 
GuangDong,2020/2/29,359 
GuangDong,2020/2/28,406 
GuangDong,2020/2/27,450 
GuangDong,2020/2/26,489 
GuangDong,2020/2/25,518 
GuangDong,2020/2/24,553 
GuangDong,2020/2/23,581 
GuangDong,2020/2/22,606 
GuangDong,2020/2/21,638 
GuangDong,2020/2/20,685 
GuangDong,2020/2/19,720 
GuangDong,2020/2/18,759 
GuangDong,2020/2/17,794 
GuangDong,2020/2/16,849 
GuangDong,2020/2/15,882 
GuangDong,2020/2/14,897 
GuangDong,2020/2/13,925 
GuangDong,2020/2/12,943 
GuangDong,2020/2/11,964 
GuangDong,2020/2/10,991 
GuangDong,2020/2/9,989 
GuangDong,2020/2/8,982 
GuangDong,2020/2/7,945 
GuangDong,2020/2/6,901 
GuangDong,2020/2/5,846 
GuangDong,2020/2/4,783 
GuangDong,2020/2/3,704 
GuangDong,2020/2/2,617 
GuangDong,2020/2/1,521 
GuangDong,2020/1/31,425 
GuangDong,2020/1/30,344 
GuangDong,2020/1/29,272 
GuangDong,2020/1/28,203 
GuangDong,2020/1/27,147 
GuangDong,2020/1/26,109 
GuangDong,2020/1/25,76 
GuangDong,2020/1/24,51 
GuangDong,2020/1/23,30 
GuangDong,2020/1/22,26 
GuangXi,2020/6/1,0 
GuangXi,2020/5/31,0 
GuangXi,2020/5/30,0 
GuangXi,2020/5/29,0 
GuangXi,2020/5/28,0 
GuangXi,2020/5/27,0 
GuangXi,2020/5/26,0 
GuangXi,2020/5/25,0 
GuangXi,2020/5/24,0 
GuangXi,2020/5/23,0 
GuangXi,2020/5/22,0 
GuangXi,2020/5/21,0 
GuangXi,2020/5/20,0 
GuangXi,2020/5/19,0 
GuangXi,2020/5/18,0 
GuangXi,2020/5/17,0 
GuangXi,2020/5/16,0 
GuangXi,2020/5/15,0 
GuangXi,2020/5/14,0 
GuangXi,2020/5/13,0 
GuangXi,2020/5/12,0 
GuangXi,2020/5/11,0 
GuangXi,2020/5/10,0 
GuangXi,2020/5/9,0 
GuangXi,2020/5/8,0 
GuangXi,2020/5/7,0 
GuangXi,2020/5/6,0 
GuangXi,2020/5/5,0 
GuangXi,2020/5/4,0 
GuangXi,2020/5/3,0 
GuangXi,2020/5/2,0 
GuangXi,2020/5/1,0 
GuangXi,2020/4/30,0 
GuangXi,2020/4/29,0 
GuangXi,2020/4/28,0 
GuangXi,2020/4/27,0 
GuangXi,2020/4/26,0 
GuangXi,2020/4/25,0 
GuangXi,2020/4/24,0 
GuangXi,2020/4/23,0 
GuangXi,2020/4/22,0 
GuangXi,2020/4/21,0 
GuangXi,2020/4/20,0 
GuangXi,2020/4/19,0 
GuangXi,2020/4/18,0 
GuangXi,2020/4/17,0 
GuangXi,2020/4/16,0 
GuangXi,2020/4/15,0 
GuangXi,2020/4/14,0 
GuangXi,2020/4/13,0 
GuangXi,2020/4/12,0 
GuangXi,2020/4/11,0 
GuangXi,2020/4/10,0 
GuangXi,2020/4/9,0 
GuangXi,2020/4/8,0 
GuangXi,2020/4/7,0 
GuangXi,2020/4/6,0 
GuangXi,2020/4/5,0 
GuangXi,2020/4/4,0 
GuangXi,2020/4/3,0 
GuangXi,2020/4/2,0 
GuangXi,2020/4/1,2 
GuangXi,2020/3/31,2 
GuangXi,2020/3/30,2 
GuangXi,2020/3/29,2 
GuangXi,2020/3/28,2 
GuangXi,2020/3/27,2 
GuangXi,2020/3/26,2 
GuangXi,2020/3/25,2 
GuangXi,2020/3/24,2 
GuangXi,2020/3/23,2 
GuangXi,2020/3/22,2 
GuangXi,2020/3/21,2 
GuangXi,2020/3/20,2 
GuangXi,2020/3/19,1 
GuangXi,2020/3/18,1 
GuangXi,2020/3/17,3 
GuangXi,2020/3/16,2 
GuangXi,2020/3/15,7 
GuangXi,2020/3/14,7 
GuangXi,2020/3/13,7 
GuangXi,2020/3/12,9 
GuangXi,2020/3/11,12 
GuangXi,2020/3/10,16 
GuangXi,2020/3/9,20 
GuangXi,2020/3/8,27 
GuangXi,2020/3/7,32 
GuangXi,2020/3/6,33 
GuangXi,2020/3/5,36 
GuangXi,2020/3/4,40 
GuangXi,2020/3/3,48 
GuangXi,2020/3/2,58 
GuangXi,2020/3/1,69 
GuangXi,2020/2/29,74 
GuangXi,2020/2/28,82 
GuangXi,2020/2/27,89 
GuangXi,2020/2/26,103 
GuangXi,2020/2/25,116 
GuangXi,2020/2/24,137 
GuangXi,2020/2/23,141 
GuangXi,2020/2/22,143 
GuangXi,2020/2/21,147 
GuangXi,2020/2/20,153 
GuangXi,2020/2/19,156 
GuangXi,2020/2/18,171 
GuangXi,2020/2/17,183 
GuangXi,2020/2/16,186 
GuangXi,2020/2/15,189 
GuangXi,2020/2/14,188 
GuangXi,2020/2/13,187 
GuangXi,2020/2/12,189 
GuangXi,2020/2/11,181 
GuangXi,2020/2/10,185 
GuangXi,2020/2/9,176 
GuangXi,2020/2/8,166 
GuangXi,2020/2/7,155 
GuangXi,2020/2/6,154 
GuangXi,2020/2/5,137 
GuangXi,2020/2/4,129 
GuangXi,2020/2/3,120 
GuangXi,2020/2/2,109 
GuangXi,2020/2/1,98 
GuangXi,2020/1/31,85 
GuangXi,2020/1/30,76 
GuangXi,2020/1/29,56 
GuangXi,2020/1/28,49 
GuangXi,2020/1/27,46 
GuangXi,2020/1/26,36 
GuangXi,2020/1/25,23 
GuangXi,2020/1/24,23 
GuangXi,2020/1/23,5 
GuangXi,2020/1/22,2 
GuiZhou,2020/6/1,0 
GuiZhou,2020/5/31,0 
GuiZhou,2020/5/30,0 
GuiZhou,2020/5/29,0 
GuiZhou,2020/5/28,0 
GuiZhou,2020/5/27,0 
GuiZhou,2020/5/26,0 
GuiZhou,2020/5/25,0 
GuiZhou,2020/5/24,0 
GuiZhou,2020/5/23,0 
GuiZhou,2020/5/22,0 
GuiZhou,2020/5/21,0 
GuiZhou,2020/5/20,0 
GuiZhou,2020/5/19,0 
GuiZhou,2020/5/18,0 
GuiZhou,2020/5/17,0 
GuiZhou,2020/5/16,0 
GuiZhou,2020/5/15,0 
GuiZhou,2020/5/14,0 
GuiZhou,2020/5/13,0 
GuiZhou,2020/5/12,0 
GuiZhou,2020/5/11,0 
GuiZhou,2020/5/10,0 
GuiZhou,2020/5/9,0 
GuiZhou,2020/5/8,0 
GuiZhou,2020/5/7,0 
GuiZhou,2020/5/6,0 
GuiZhou,2020/5/5,0 
GuiZhou,2020/5/4,0 
GuiZhou,2020/5/3,0 
GuiZhou,2020/5/2,0 
GuiZhou,2020/5/1,0 
GuiZhou,2020/4/30,0 
GuiZhou,2020/4/29,0 
GuiZhou,2020/4/28,0 
GuiZhou,2020/4/27,0 
GuiZhou,2020/4/26,0 
GuiZhou,2020/4/25,0 
GuiZhou,2020/4/24,0 
GuiZhou,2020/4/23,0 
GuiZhou,2020/4/22,0 
GuiZhou,2020/4/21,0 
GuiZhou,2020/4/20,0 
GuiZhou,2020/4/19,0 
GuiZhou,2020/4/18,0 
GuiZhou,2020/4/17,0 
GuiZhou,2020/4/16,0 
GuiZhou,2020/4/15,0 
GuiZhou,2020/4/14,0 
GuiZhou,2020/4/13,0 
GuiZhou,2020/4/12,0 
GuiZhou,2020/4/11,0 
GuiZhou,2020/4/10,0 
GuiZhou,2020/4/9,0 
GuiZhou,2020/4/8,0 
GuiZhou,2020/4/7,0 
GuiZhou,2020/4/6,0 
GuiZhou,2020/4/5,0 
GuiZhou,2020/4/4,0 
GuiZhou,2020/4/3,0 
GuiZhou,2020/4/2,0 
GuiZhou,2020/4/1,0 
GuiZhou,2020/3/31,0 
GuiZhou,2020/3/30,0 
GuiZhou,2020/3/29,0 
GuiZhou,2020/3/28,0 
GuiZhou,2020/3/27,0 
GuiZhou,2020/3/26,0 
GuiZhou,2020/3/25,0 
GuiZhou,2020/3/24,0 
GuiZhou,2020/3/23,0 
GuiZhou,2020/3/22,0 
GuiZhou,2020/3/21,0 
GuiZhou,2020/3/20,0 
GuiZhou,2020/3/19,0 
GuiZhou,2020/3/18,0 
GuiZhou,2020/3/17,1 
GuiZhou,2020/3/16,0 
GuiZhou,2020/3/15,1 
GuiZhou,2020/3/14,1 
GuiZhou,2020/3/13,4 
GuiZhou,2020/3/12,7 
GuiZhou,2020/3/11,11 
GuiZhou,2020/3/10,15 
GuiZhou,2020/3/9,21 
GuiZhou,2020/3/8,27 
GuiZhou,2020/3/7,29 
GuiZhou,2020/3/6,30 
GuiZhou,2020/3/5,30 
GuiZhou,2020/3/4,30 
GuiZhou,2020/3/3,30 
GuiZhou,2020/3/2,30 
GuiZhou,2020/3/1,32 
GuiZhou,2020/2/29,32 
GuiZhou,2020/2/28,32 
GuiZhou,2020/2/27,32 
GuiZhou,2020/2/26,40 
GuiZhou,2020/2/25,40 
GuiZhou,2020/2/24,42 
GuiZhou,2020/2/23,42 
GuiZhou,2020/2/22,54 
GuiZhou,2020/2/21,67 
GuiZhou,2020/2/20,72 
GuiZhou,2020/2/19,74 
GuiZhou,2020/2/18,78 
GuiZhou,2020/2/17,88 
GuiZhou,2020/2/16,97 
GuiZhou,2020/2/15,101 
GuiZhou,2020/2/14,111 
GuiZhou,2020/2/13,107 
GuiZhou,2020/2/12,114 
GuiZhou,2020/2/11,109 
GuiZhou,2020/2/10,98 
GuiZhou,2020/2/9,91 
GuiZhou,2020/2/8,81 
GuiZhou,2020/2/7,74 
GuiZhou,2020/2/6,64 
GuiZhou,2020/2/5,54 
GuiZhou,2020/2/4,56 
GuiZhou,2020/2/3,44 
GuiZhou,2020/2/2,36 
GuiZhou,2020/2/1,27 
GuiZhou,2020/1/31,27 
GuiZhou,2020/1/30,11 
GuiZhou,2020/1/29,8 
GuiZhou,2020/1/28,9 
GuiZhou,2020/1/27,7 
GuiZhou,2020/1/26,5 
GuiZhou,2020/1/25,4 
GuiZhou,2020/1/24,3 
GuiZhou,2020/1/23,3 
GuiZhou,2020/1/22,1 
HaiNan,2020/6/1,0 
HaiNan,2020/5/31,0 
HaiNan,2020/5/30,0 
HaiNan,2020/5/29,0 
HaiNan,2020/5/28,1 
HaiNan,2020/5/27,1 
HaiNan,2020/5/26,1 
HaiNan,2020/5/25,1 
HaiNan,2020/5/24,1 
HaiNan,2020/5/23,1 
HaiNan,2020/5/22,1 
HaiNan,2020/5/21,1 
HaiNan,2020/5/20,1 
HaiNan,2020/5/19,1 
HaiNan,2020/5/18,1 
HaiNan,2020/5/17,1 
HaiNan,2020/5/16,1 
HaiNan,2020/5/15,1 
HaiNan,2020/5/14,0 
HaiNan,2020/5/13,0 
HaiNan,2020/5/12,0 
HaiNan,2020/5/11,0 
HaiNan,2020/5/10,0 
HaiNan,2020/5/9,0 
HaiNan,2020/5/8,0 
HaiNan,2020/5/7,0 
HaiNan,2020/5/6,0 
HaiNan,2020/5/5,0 
HaiNan,2020/5/4,0 
HaiNan,2020/5/3,0 
HaiNan,2020/5/2,0 
HaiNan,2020/5/1,0 
HaiNan,2020/4/30,0 
HaiNan,2020/4/29,0 
HaiNan,2020/4/28,0 
HaiNan,2020/4/27,0 
HaiNan,2020/4/26,0 
HaiNan,2020/4/25,0 
HaiNan,2020/4/24,0 
HaiNan,2020/4/23,0 
HaiNan,2020/4/22,0 
HaiNan,2020/4/21,0 
HaiNan,2020/4/20,0 
HaiNan,2020/4/19,0 
HaiNan,2020/4/18,0 
HaiNan,2020/4/17,0 
HaiNan,2020/4/16,0 
HaiNan,2020/4/15,0 
HaiNan,2020/4/14,0 
HaiNan,2020/4/13,0 
HaiNan,2020/4/12,0 
HaiNan,2020/4/11,0 
HaiNan,2020/4/10,0 
HaiNan,2020/4/9,0 
HaiNan,2020/4/8,0 
HaiNan,2020/4/7,0 
HaiNan,2020/4/6,0 
HaiNan,2020/4/5,0 
HaiNan,2020/4/4,0 
HaiNan,2020/4/3,0 
HaiNan,2020/4/2,0 
HaiNan,2020/4/1,0 
HaiNan,2020/3/31,0 
HaiNan,2020/3/30,0 
HaiNan,2020/3/29,0 
HaiNan,2020/3/28,0 
HaiNan,2020/3/27,0 
HaiNan,2020/3/26,0 
HaiNan,2020/3/25,0 
HaiNan,2020/3/24,0 
HaiNan,2020/3/23,1 
HaiNan,2020/3/22,1 
HaiNan,2020/3/21,1 
HaiNan,2020/3/20,1 
HaiNan,2020/3/19,1 
HaiNan,2020/3/18,1 
HaiNan,2020/3/17,1 
HaiNan,2020/3/16,1 
HaiNan,2020/3/15,2 
HaiNan,2020/3/14,2 
HaiNan,2020/3/13,2 
HaiNan,2020/3/12,2 
HaiNan,2020/3/11,3 
HaiNan,2020/3/10,3 
HaiNan,2020/3/9,3 
HaiNan,2020/3/8,3 
HaiNan,2020/3/7,4 
HaiNan,2020/3/6,4 
HaiNan,2020/3/5,4 
HaiNan,2020/3/4,5 
HaiNan,2020/3/3,8 
HaiNan,2020/3/2,12 
HaiNan,2020/3/1,14 
HaiNan,2020/2/29,15 
HaiNan,2020/2/28,30 
HaiNan,2020/2/27,32 
HaiNan,2020/2/26,34 
HaiNan,2020/2/25,39 
HaiNan,2020/2/24,47 
HaiNan,2020/2/23,57 
HaiNan,2020/2/22,60 
HaiNan,2020/2/21,69 
HaiNan,2020/2/20,78 
HaiNan,2020/2/19,80 
HaiNan,2020/2/18,80 
HaiNan,2020/2/17,100 
HaiNan,2020/2/16,106 
HaiNan,2020/2/15,119 
HaiNan,2020/2/14,112 
HaiNan,2020/2/13,123 
HaiNan,2020/2/12,126 
HaiNan,2020/2/11,121 
HaiNan,2020/2/10,116 
HaiNan,2020/2/9,109 
HaiNan,2020/2/8,108 
HaiNan,2020/2/7,105 
HaiNan,2020/2/6,97 
HaiNan,2020/2/5,93 
HaiNan,2020/2/4,74 
HaiNan,2020/2/3,67 
HaiNan,2020/2/2,59 
HaiNan,2020/2/1,60 
HaiNan,2020/1/31,50 
HaiNan,2020/1/30,44 
HaiNan,2020/1/29,42 
HaiNan,2020/1/28,39 
HaiNan,2020/1/27,32 
HaiNan,2020/1/26,22 
HaiNan,2020/1/25,19 
HaiNan,2020/1/24,8 
HaiNan,2020/1/23,5 
HaiNan,2020/1/22,4 
HeBei,2020/6/1,0 
HeBei,2020/5/31,0 
HeBei,2020/5/30,0 
HeBei,2020/5/29,0 
HeBei,2020/5/28,0 
HeBei,2020/5/27,0 
HeBei,2020/5/26,0 
HeBei,2020/5/25,0 
HeBei,2020/5/24,0 
HeBei,2020/5/23,0 
HeBei,2020/5/22,0 
HeBei,2020/5/21,0 
HeBei,2020/5/20,0 
HeBei,2020/5/19,0 
HeBei,2020/5/18,0 
HeBei,2020/5/17,0 
HeBei,2020/5/16,1 
HeBei,2020/5/15,1 
HeBei,2020/5/14,1 
HeBei,2020/5/13,1 
HeBei,2020/5/12,1 
HeBei,2020/5/11,1 
HeBei,2020/5/10,1 
HeBei,2020/5/9,1 
HeBei,2020/5/8,2 
HeBei,2020/5/7,2 
HeBei,2020/5/6,2 
HeBei,2020/5/5,2 
HeBei,2020/5/4,2 
HeBei,2020/5/3,4 
HeBei,2020/5/2,4 
HeBei,2020/5/1,4 
HeBei,2020/4/30,4 
HeBei,2020/4/29,4 
HeBei,2020/4/28,4 
HeBei,2020/4/27,4 
HeBei,2020/4/26,4 
HeBei,2020/4/25,4 
HeBei,2020/4/24,4 
HeBei,2020/4/23,5 
HeBei,2020/4/22,5 
HeBei,2020/4/21,5 
HeBei,2020/4/20,5 
HeBei,2020/4/19,6 
HeBei,2020/4/18,6 
HeBei,2020/4/17,6 
HeBei,2020/4/16,7 
HeBei,2020/4/15,7 
HeBei,2020/4/14,7 
HeBei,2020/4/13,8 
HeBei,2020/4/12,8 
HeBei,2020/4/11,8 
HeBei,2020/4/10,8 
HeBei,2020/4/9,8 
HeBei,2020/4/8,9 
HeBei,2020/4/7,9 
HeBei,2020/4/6,11 
HeBei,2020/4/5,11 
HeBei,2020/4/4,10 
HeBei,2020/4/3,10 
HeBei,2020/4/2,9 
HeBei,2020/4/1,7 
HeBei,2020/3/31,5 
HeBei,2020/3/30,5 
HeBei,2020/3/29,3 
HeBei,2020/3/28,3 
HeBei,2020/3/27,3 
HeBei,2020/3/26,3 
HeBei,2020/3/25,3 
HeBei,2020/3/24,3 
HeBei,2020/3/23,3 
HeBei,2020/3/22,3 
HeBei,2020/3/21,2 
HeBei,2020/3/20,2 
HeBei,2020/3/19,2 
HeBei,2020/3/18,2 
HeBei,2020/3/17,2 
HeBei,2020/3/16,2 
HeBei,2020/3/15,2 
HeBei,2020/3/14,2 
HeBei,2020/3/13,2 
HeBei,2020/3/12,4 
HeBei,2020/3/11,5 
HeBei,2020/3/10,5 
HeBei,2020/3/9,5 
HeBei,2020/3/8,5 
HeBei,2020/3/7,5 
HeBei,2020/3/6,7 
HeBei,2020/3/5,8 
HeBei,2020/3/4,11 
HeBei,2020/3/3,12 
HeBei,2020/3/2,16 
HeBei,2020/3/1,18 
HeBei,2020/2/29,30 
HeBei,2020/2/28,35 
HeBei,2020/2/27,37 
HeBei,2020/2/26,45 
HeBei,2020/2/25,57 
HeBei,2020/2/24,71 
HeBei,2020/2/23,86 
HeBei,2020/2/22,100 
HeBei,2020/2/21,119 
HeBei,2020/2/20,133 
HeBei,2020/2/19,150 
HeBei,2020/2/18,166 
HeBei,2020/2/17,176 
HeBei,2020/2/16,192 
HeBei,2020/2/15,187 
HeBei,2020/2/14,193 
HeBei,2020/2/13,194 
HeBei,2020/2/12,195 
HeBei,2020/2/11,189 
HeBei,2020/2/10,175 
HeBei,2020/2/9,170 
HeBei,2020/2/8,164 
HeBei,2020/2/7,149 
HeBei,2020/2/6,143 
HeBei,2020/2/5,128 
HeBei,2020/2/4,121 
HeBei,2020/2/3,109 
HeBei,2020/2/2,100 
HeBei,2020/2/1,95 
HeBei,2020/1/31,81 
HeBei,2020/1/30,64 
HeBei,2020/1/29,47 
HeBei,2020/1/28,32 
HeBei,2020/1/27,17 
HeBei,2020/1/26,12 
HeBei,2020/1/25,7 
HeBei,2020/1/24,1 
HeiLongJiang,2020/6/1,0 
HeiLongJiang,2020/5/31,0 
HeiLongJiang,2020/5/30,0 
HeiLongJiang,2020/5/29,0 
HeiLongJiang,2020/5/28,0 
HeiLongJiang,2020/5/27,0 
HeiLongJiang,2020/5/26,0 
HeiLongJiang,2020/5/25,0 
HeiLongJiang,2020/5/24,0 
HeiLongJiang,2020/5/23,0 
HeiLongJiang,2020/5/22,0 
HeiLongJiang,2020/5/21,0 
HeiLongJiang,2020/5/20,0 
HeiLongJiang,2020/5/19,0 
HeiLongJiang,2020/5/18,0 
HeiLongJiang,2020/5/17,0 
HeiLongJiang,2020/5/16,0 
HeiLongJiang,2020/5/15,1 
HeiLongJiang,2020/5/14,2 
HeiLongJiang,2020/5/13,2 
HeiLongJiang,2020/5/12,3 
HeiLongJiang,2020/5/11,8 
HeiLongJiang,2020/5/10,28 
HeiLongJiang,2020/5/9,40 
HeiLongJiang,2020/5/8,116 
HeiLongJiang,2020/5/7,116 
HeiLongJiang,2020/5/6,138 
HeiLongJiang,2020/5/5,173 
HeiLongJiang,2020/5/4,212 
HeiLongJiang,2020/5/3,274 
HeiLongJiang,2020/5/2,327 
HeiLongJiang,2020/5/1,326 
HeiLongJiang,2020/4/30,344 
HeiLongJiang,2020/4/29,339 
HeiLongJiang,2020/4/28,339 
HeiLongJiang,2020/4/27,340 
HeiLongJiang,2020/4/26,367 
HeiLongJiang,2020/4/25,411 
HeiLongJiang,2020/4/24,409 
HeiLongJiang,2020/4/23,430 
HeiLongJiang,2020/4/22,429 
HeiLongJiang,2020/4/21,425 
HeiLongJiang,2020/4/20,420 
HeiLongJiang,2020/4/19,413 
HeiLongJiang,2020/4/18,407 
HeiLongJiang,2020/4/17,388 
HeiLongJiang,2020/4/16,377 
HeiLongJiang,2020/4/15,358 
HeiLongJiang,2020/4/14,336 
HeiLongJiang,2020/4/13,257 
HeiLongJiang,2020/4/12,201 
HeiLongJiang,2020/4/11,178 
HeiLongJiang,2020/4/10,155 
HeiLongJiang,2020/4/9,126 
HeiLongJiang,2020/4/8,86 
HeiLongJiang,2020/4/7,62 
HeiLongJiang,2020/4/6,42 
HeiLongJiang,2020/4/5,22 
HeiLongJiang,2020/4/4,9 
HeiLongJiang,2020/4/3,7 
HeiLongJiang,2020/4/2,6 
HeiLongJiang,2020/4/1,2 
HeiLongJiang,2020/3/31,2 
HeiLongJiang,2020/3/30,2 
HeiLongJiang,2020/3/29,2 
HeiLongJiang,2020/3/28,2 
HeiLongJiang,2020/3/27,2 
HeiLongJiang,2020/3/26,2 
HeiLongJiang,2020/3/25,3 
HeiLongJiang,2020/3/24,3 
HeiLongJiang,2020/3/23,6 
HeiLongJiang,2020/3/22,5 
HeiLongJiang,2020/3/21,8 
HeiLongJiang,2020/3/20,8 
HeiLongJiang,2020/3/19,10 
HeiLongJiang,2020/3/18,10 
HeiLongJiang,2020/3/17,13 
HeiLongJiang,2020/3/16,14 
HeiLongJiang,2020/3/15,16 
HeiLongJiang,2020/3/14,22 
HeiLongJiang,2020/3/13,23 
HeiLongJiang,2020/3/12,28 
HeiLongJiang,2020/3/11,33 
HeiLongJiang,2020/3/10,34 
HeiLongJiang,2020/3/9,38 
HeiLongJiang,2020/3/8,56 
HeiLongJiang,2020/3/7,65 
HeiLongJiang,2020/3/6,72 
HeiLongJiang,2020/3/5,89 
HeiLongJiang,2020/3/4,94 
HeiLongJiang,2020/3/3,101 
HeiLongJiang,2020/3/2,111 
HeiLongJiang,2020/3/1,125 
HeiLongJiang,2020/2/29,166 
HeiLongJiang,2020/2/28,184 
HeiLongJiang,2020/2/27,197 
HeiLongJiang,2020/2/26,219 
HeiLongJiang,2020/2/25,225 
HeiLongJiang,2020/2/24,241 
HeiLongJiang,2020/2/23,246 
HeiLongJiang,2020/2/22,263 
HeiLongJiang,2020/2/21,292 
HeiLongJiang,2020/2/20,328 
HeiLongJiang,2020/2/19,338 
HeiLongJiang,2020/2/18,342 
HeiLongJiang,2020/2/17,361 
HeiLongJiang,2020/2/16,355 
HeiLongJiang,2020/2/15,346 
HeiLongJiang,2020/2/14,361 
HeiLongJiang,2020/2/13,353 
HeiLongJiang,2020/2/12,339 
HeiLongJiang,2020/2/11,324 
HeiLongJiang,2020/2/10,294 
HeiLongJiang,2020/2/9,287 
HeiLongJiang,2020/2/8,277 
HeiLongJiang,2020/2/7,262 
HeiLongJiang,2020/2/6,216 
HeiLongJiang,2020/2/5,181 
HeiLongJiang,2020/2/4,149 
HeiLongJiang,2020/2/3,117 
HeiLongJiang,2020/2/2,91 
HeiLongJiang,2020/2/1,76 
HeiLongJiang,2020/1/31,57 
HeiLongJiang,2020/1/30,42 
HeiLongJiang,2020/1/29,37 
HeiLongJiang,2020/1/28,32 
HeiLongJiang,2020/1/27,20 
HeiLongJiang,2020/1/26,14 
HeiLongJiang,2020/1/25,8 
HeiLongJiang,2020/1/24,3 
HeiLongJiang,2020/1/23,2 
HeNan,2020/6/1,0 
HeNan,2020/5/31,0 
HeNan,2020/5/30,0 
HeNan,2020/5/29,0 
HeNan,2020/5/28,0 
HeNan,2020/5/27,0 
HeNan,2020/5/26,0 
HeNan,2020/5/25,0 
HeNan,2020/5/24,0 
HeNan,2020/5/23,0 
HeNan,2020/5/22,0 
HeNan,2020/5/21,0 
HeNan,2020/5/20,0 
HeNan,2020/5/19,0 
HeNan,2020/5/18,0 
HeNan,2020/5/17,0 
HeNan,2020/5/16,0 
HeNan,2020/5/15,0 
HeNan,2020/5/14,0 
HeNan,2020/5/13,0 
HeNan,2020/5/12,0 
HeNan,2020/5/11,0 
HeNan,2020/5/10,0 
HeNan,2020/5/9,0 
HeNan,2020/5/8,0 
HeNan,2020/5/7,0 
HeNan,2020/5/6,0 
HeNan,2020/5/5,0 
HeNan,2020/5/4,0 
HeNan,2020/5/3,0 
HeNan,2020/5/2,0 
HeNan,2020/5/1,0 
HeNan,2020/4/30,0 
HeNan,2020/4/29,0 
HeNan,2020/4/28,0 
HeNan,2020/4/27,0 
HeNan,2020/4/26,0 
HeNan,2020/4/25,0 
HeNan,2020/4/24,0 
HeNan,2020/4/23,0 
HeNan,2020/4/22,0 
HeNan,2020/4/21,0 
HeNan,2020/4/20,0 
HeNan,2020/4/19,0 
HeNan,2020/4/18,0 
HeNan,2020/4/17,0 
HeNan,2020/4/16,0 
HeNan,2020/4/15,0 
HeNan,2020/4/14,0 
HeNan,2020/4/13,1 
HeNan,2020/4/12,1 
HeNan,2020/4/11,2 
HeNan,2020/4/10,2 
HeNan,2020/4/9,2 
HeNan,2020/4/8,2 
HeNan,2020/4/7,2 
HeNan,2020/4/6,2 
HeNan,2020/4/5,3 
HeNan,2020/4/4,3 
HeNan,2020/4/3,3 
HeNan,2020/4/2,3 
HeNan,2020/4/1,3 
HeNan,2020/3/31,3 
HeNan,2020/3/30,3 
HeNan,2020/3/29,3 
HeNan,2020/3/28,2 
HeNan,2020/3/27,3 
HeNan,2020/3/26,3 
HeNan,2020/3/25,2 
HeNan,2020/3/24,2 
HeNan,2020/3/23,2 
HeNan,2020/3/22,1 
HeNan,2020/3/21,1 
HeNan,2020/3/20,1 
HeNan,2020/3/19,1 
HeNan,2020/3/18,1 
HeNan,2020/3/17,1 
HeNan,2020/3/16,1 
HeNan,2020/3/15,1 
HeNan,2020/3/14,1 
HeNan,2020/3/13,2 
HeNan,2020/3/12,2 
HeNan,2020/3/11,2 
HeNan,2020/3/10,3 
HeNan,2020/3/9,3 
HeNan,2020/3/8,3 
HeNan,2020/3/7,6 
HeNan,2020/3/6,6 
HeNan,2020/3/5,11 
HeNan,2020/3/4,16 
HeNan,2020/3/3,19 
HeNan,2020/3/2,45 
HeNan,2020/3/1,52 
HeNan,2020/2/29,81 
HeNan,2020/2/28,140 
HeNan,2020/2/27,184 
HeNan,2020/2/26,219 
HeNan,2020/2/25,250 
HeNan,2020/2/24,309 
HeNan,2020/2/23,384 
HeNan,2020/2/22,421 
HeNan,2020/2/21,512 
HeNan,2020/2/20,609 
HeNan,2020/2/19,670 
HeNan,2020/2/18,716 
HeNan,2020/2/17,721 
HeNan,2020/2/16,778 
HeNan,2020/2/15,808 
HeNan,2020/2/14,816 
HeNan,2020/2/13,863 
HeNan,2020/2/12,881 
HeNan,2020/2/11,880 
HeNan,2020/2/10,876 
HeNan,2020/2/9,874 
HeNan,2020/2/8,861 
HeNan,2020/2/7,825 
HeNan,2020/2/6,793 
HeNan,2020/2/5,715 
HeNan,2020/2/4,646 
HeNan,2020/2/3,548 
HeNan,2020/2/2,481 
HeNan,2020/2/1,417 
HeNan,2020/1/31,347 
HeNan,2020/1/30,274 
HeNan,2020/1/29,203 
HeNan,2020/1/28,167 
HeNan,2020/1/27,127 
HeNan,2020/1/26,82 
HeNan,2020/1/25,32 
HeNan,2020/1/24,9 
HeNan,2020/1/23,5 
HeNan,2020/1/22,5 
HongKong,2020/6/1,46 
HongKong,2020/5/31,43 
HongKong,2020/5/30,42 
HongKong,2020/5/29,40 
HongKong,2020/5/28,27 
HongKong,2020/5/27,28 
HongKong,2020/5/26,28 
HongKong,2020/5/25,31 
HongKong,2020/5/24,31 
HongKong,2020/5/23,32 
HongKong,2020/5/22,32 
HongKong,2020/5/21,34 
HongKong,2020/5/20,26 
HongKong,2020/5/19,26 
HongKong,2020/5/18,26 
HongKong,2020/5/17,27 
HongKong,2020/5/16,26 
HongKong,2020/5/15,29 
HongKong,2020/5/14,38 
HongKong,2020/5/13,38 
HongKong,2020/5/12,52 
HongKong,2020/5/11,58 
HongKong,2020/5/10,61 
HongKong,2020/5/9,73 
HongKong,2020/5/8,80 
HongKong,2020/5/7,96 
HongKong,2020/5/6,104 
HongKong,2020/5/5,116 
HongKong,2020/5/4,136 
HongKong,2020/5/3,156 
HongKong,2020/5/2,171 
HongKong,2020/5/1,176 
HongKong,2020/4/30,187 
HongKong,2020/4/29,203 
HongKong,2020/4/28,222 
HongKong,2020/4/27,246 
HongKong,2020/4/26,261 
HongKong,2020/4/25,280 
HongKong,2020/4/24,306 
HongKong,2020/4/23,332 
HongKong,2020/4/22,351 
HongKong,2020/4/21,375 
HongKong,2020/4/20,391 
HongKong,2020/4/19,419 
HongKong,2020/4/18,451 
HongKong,2020/4/17,484 
HongKong,2020/4/16,528 
HongKong,2020/4/15,553 
HongKong,2020/4/14,574 
HongKong,2020/4/13,645 
HongKong,2020/4/12,640 
HongKong,2020/4/11,660 
HongKong,2020/4/10,676 
HongKong,2020/4/9,676 
HongKong,2020/4/8,692 
HongKong,2020/4/7,715 
HongKong,2020/4/6,694 
HongKong,2020/4/5,672 
HongKong,2020/4/4,676 
HongKong,2020/4/3,654 
HongKong,2020/4/2,633 
HongKong,2020/4/1,586 
HongKong,2020/3/31,548 
HongKong,2020/3/30,496 
HongKong,2020/3/29,461 
HongKong,2020/3/28,410 
HongKong,2020/3/27,380 
HongKong,2020/3/26,338 
HongKong,2020/3/25,301 
HongKong,2020/3/24,277 
HongKong,2020/3/23,247 
HongKong,2020/3/22,213 
HongKong,2020/3/21,171 
HongKong,2020/3/20,154 
HongKong,2020/3/19,109 
HongKong,2020/3/18,85 
HongKong,2020/3/17,70 
HongKong,2020/3/16,67 
HongKong,2020/3/15,60 
HongKong,2020/3/14,58 
HongKong,2020/3/13,53 
HongKong,2020/3/12,59 
HongKong,2020/3/11,58 
HongKong,2020/3/10,52 
HongKong,2020/3/9,53 
HongKong,2020/3/8,53 
HongKong,2020/3/7,55 
HongKong,2020/3/6,59 
HongKong,2020/3/5,60 
HongKong,2020/3/4,66 
HongKong,2020/3/3,61 
HongKong,2020/3/2,62 
HongKong,2020/3/1,58 
HongKong,2020/2/29,60 
HongKong,2020/2/28,62 
HongKong,2020/2/27,66 
HongKong,2020/2/26,65 
HongKong,2020/2/25,63 
HongKong,2020/2/24,58 
HongKong,2020/2/23,61 
HongKong,2020/2/22,61 
HongKong,2020/2/21,61 
HongKong,2020/2/20,60 
HongKong,2020/2/19,56 
HongKong,2020/2/18,59 
HongKong,2020/2/17,57 
HongKong,2020/2/16,54 
HongKong,2020/2/15,54 
HongKong,2020/2/14,54 
HongKong,2020/2/13,51 
HongKong,2020/2/12,48 
HongKong,2020/2/11,48 
HongKong,2020/2/10,37 
HongKong,2020/2/9,28 
HongKong,2020/2/8,25 
HongKong,2020/2/7,24 
HongKong,2020/2/6,23 
HongKong,2020/2/5,20 
HongKong,2020/2/4,16 
HongKong,2020/2/3,15 
HongKong,2020/2/2,15 
HongKong,2020/2/1,13 
HongKong,2020/1/31,12 
HongKong,2020/1/30,10 
HongKong,2020/1/29,10 
HongKong,2020/1/28,8 
HongKong,2020/1/27,8 
HongKong,2020/1/26,8 
HongKong,2020/1/25,5 
HongKong,2020/1/24,2 
HongKong,2020/1/23,2 
HuNan,2020/6/1,0 
HuNan,2020/5/31,0 
HuNan,2020/5/30,0 
HuNan,2020/5/29,0 
HuNan,2020/5/28,0 
HuNan,2020/5/27,0 
HuNan,2020/5/26,0 
HuNan,2020/5/25,0 
HuNan,2020/5/24,0 
HuNan,2020/5/23,0 
HuNan,2020/5/22,0 
HuNan,2020/5/21,0 
HuNan,2020/5/20,0 
HuNan,2020/5/19,0 
HuNan,2020/5/18,0 
HuNan,2020/5/17,0 
HuNan,2020/5/16,0 
HuNan,2020/5/15,0 
HuNan,2020/5/14,0 
HuNan,2020/5/13,0 
HuNan,2020/5/12,0 
HuNan,2020/5/11,0 
HuNan,2020/5/10,0 
HuNan,2020/5/9,0 
HuNan,2020/5/8,0 
HuNan,2020/5/7,0 
HuNan,2020/5/6,0 
HuNan,2020/5/5,0 
HuNan,2020/5/4,0 
HuNan,2020/5/3,0 
HuNan,2020/5/2,0 
HuNan,2020/5/1,0 
HuNan,2020/4/30,0 
HuNan,2020/4/29,0 
HuNan,2020/4/28,0 
HuNan,2020/4/27,0 
HuNan,2020/4/26,0 
HuNan,2020/4/25,0 
HuNan,2020/4/24,0 
HuNan,2020/4/23,0 
HuNan,2020/4/22,0 
HuNan,2020/4/21,0 
HuNan,2020/4/20,0 
HuNan,2020/4/19,0 
HuNan,2020/4/18,0 
HuNan,2020/4/17,1 
HuNan,2020/4/16,1 
HuNan,2020/4/15,1 
HuNan,2020/4/14,1 
HuNan,2020/4/13,1 
HuNan,2020/4/12,1 
HuNan,2020/4/11,1 
HuNan,2020/4/10,1 
HuNan,2020/4/9,1 
HuNan,2020/4/8,1 
HuNan,2020/4/7,1 
HuNan,2020/4/6,1 
HuNan,2020/4/5,1 
HuNan,2020/4/4,1 
HuNan,2020/4/3,1 
HuNan,2020/4/2,1 
HuNan,2020/4/1,0 
HuNan,2020/3/31,0 
HuNan,2020/3/30,0 
HuNan,2020/3/29,0 
HuNan,2020/3/28,0 
HuNan,2020/3/27,0 
HuNan,2020/3/26,0 
HuNan,2020/3/25,0 
HuNan,2020/3/24,0 
HuNan,2020/3/23,0 
HuNan,2020/3/22,0 
HuNan,2020/3/21,0 
HuNan,2020/3/20,0 
HuNan,2020/3/19,0 
HuNan,2020/3/18,0 
HuNan,2020/3/17,0 
HuNan,2020/3/16,0 
HuNan,2020/3/15,0 
HuNan,2020/3/14,0 
HuNan,2020/3/13,9 
HuNan,2020/3/12,15 
HuNan,2020/3/11,19 
HuNan,2020/3/10,24 
HuNan,2020/3/9,35 
HuNan,2020/3/8,46 
HuNan,2020/3/7,54 
HuNan,2020/3/6,59 
HuNan,2020/3/5,76 
HuNan,2020/3/4,98 
HuNan,2020/3/3,108 
HuNan,2020/3/2,127 
HuNan,2020/3/1,148 
HuNan,2020/2/29,168 
HuNan,2020/2/28,183 
HuNan,2020/2/27,209 
HuNan,2020/2/26,229 
HuNan,2020/2/25,244 
HuNan,2020/2/24,281 
HuNan,2020/2/23,298 
HuNan,2020/2/22,317 
HuNan,2020/2/21,346 
HuNan,2020/2/20,372 
HuNan,2020/2/19,443 
HuNan,2020/2/18,476 
HuNan,2020/2/17,505 
HuNan,2020/2/16,537 
HuNan,2020/2/15,574 
HuNan,2020/2/14,622 
HuNan,2020/2/13,627 
HuNan,2020/2/12,640 
HuNan,2020/2/11,664 
HuNan,2020/2/10,670 
HuNan,2020/2/9,651 
HuNan,2020/2/8,646 
HuNan,2020/2/7,660 
HuNan,2020/2/6,630 
HuNan,2020/2/5,607 
HuNan,2020/2/4,562 
HuNan,2020/2/3,499 
HuNan,2020/2/2,447 
HuNan,2020/2/1,381 
HuNan,2020/1/31,330 
HuNan,2020/1/30,275 
HuNan,2020/1/29,221 
HuNan,2020/1/28,143 
HuNan,2020/1/27,100 
HuNan,2020/1/26,69 
HuNan,2020/1/25,43 
HuNan,2020/1/24,24 
HuNan,2020/1/23,9 
HuNan,2020/1/22,4 
NeiMeng,2020/6/1,25 
NeiMeng,2020/5/31,27 
NeiMeng,2020/5/30,25 
NeiMeng,2020/5/29,26 
NeiMeng,2020/5/28,26 
NeiMeng,2020/5/27,26 
NeiMeng,2020/5/26,26 
NeiMeng,2020/5/25,27 
NeiMeng,2020/5/24,25 
NeiMeng,2020/5/23,17 
NeiMeng,2020/5/22,17 
NeiMeng,2020/5/21,19 
NeiMeng,2020/5/20,19 
NeiMeng,2020/5/19,19 
NeiMeng,2020/5/18,19 
NeiMeng,2020/5/17,16 
NeiMeng,2020/5/16,12 
NeiMeng,2020/5/15,12 
NeiMeng,2020/5/14,14 
NeiMeng,2020/5/13,18 
NeiMeng,2020/5/12,18 
NeiMeng,2020/5/11,20 
NeiMeng,2020/5/10,20 
NeiMeng,2020/5/9,16 
NeiMeng,2020/5/8,28 
NeiMeng,2020/5/7,28 
NeiMeng,2020/5/6,29 
NeiMeng,2020/5/5,33 
NeiMeng,2020/5/4,40 
NeiMeng,2020/5/3,44 
NeiMeng,2020/5/2,46 
NeiMeng,2020/5/1,46 
NeiMeng,2020/4/30,48 
NeiMeng,2020/4/29,49 
NeiMeng,2020/4/28,52 
NeiMeng,2020/4/27,53 
NeiMeng,2020/4/26,68 
NeiMeng,2020/4/25,76 
NeiMeng,2020/4/24,82 
NeiMeng,2020/4/23,85 
NeiMeng,2020/4/22,85 
NeiMeng,2020/4/21,85 
NeiMeng,2020/4/20,89 
NeiMeng,2020/4/19,88 
NeiMeng,2020/4/18,88 
NeiMeng,2020/4/17,89 
NeiMeng,2020/4/16,98 
NeiMeng,2020/4/15,95 
NeiMeng,2020/4/14,98 
NeiMeng,2020/4/13,106 
NeiMeng,2020/4/12,105 
NeiMeng,2020/4/11,75 
NeiMeng,2020/4/10,48 
NeiMeng,2020/4/9,46 
NeiMeng,2020/4/8,49 
NeiMeng,2020/4/7,46 
NeiMeng,2020/4/6,43 
NeiMeng,2020/4/5,42 
NeiMeng,2020/4/4,42 
NeiMeng,2020/4/3,42 
NeiMeng,2020/4/2,42 
NeiMeng,2020/4/1,36 
NeiMeng,2020/3/31,32 
NeiMeng,2020/3/30,22 
NeiMeng,2020/3/29,20 
NeiMeng,2020/3/28,19 
NeiMeng,2020/3/27,17 
NeiMeng,2020/3/26,14 
NeiMeng,2020/3/25,2 
NeiMeng,2020/3/24,0 
NeiMeng,2020/3/23,0 
NeiMeng,2020/3/22,0 
NeiMeng,2020/3/21,0 
NeiMeng,2020/3/20,0 
NeiMeng,2020/3/19,0 
NeiMeng,2020/3/18,1 
NeiMeng,2020/3/17,1 
NeiMeng,2020/3/16,1 
NeiMeng,2020/3/15,3 
NeiMeng,2020/3/14,3 
NeiMeng,2020/3/13,3 
NeiMeng,2020/3/12,3 
NeiMeng,2020/3/11,3 
NeiMeng,2020/3/10,4 
NeiMeng,2020/3/9,4 
NeiMeng,2020/3/8,4 
NeiMeng,2020/3/7,7 
NeiMeng,2020/3/6,9 
NeiMeng,2020/3/5,9 
NeiMeng,2020/3/4,11 
NeiMeng,2020/3/3,15 
NeiMeng,2020/3/2,21 
NeiMeng,2020/3/1,23 
NeiMeng,2020/2/29,26 
NeiMeng,2020/2/28,30 
NeiMeng,2020/2/27,32 
NeiMeng,2020/2/26,37 
NeiMeng,2020/2/25,40 
NeiMeng,2020/2/24,41 
NeiMeng,2020/2/23,48 
NeiMeng,2020/2/22,49 
NeiMeng,2020/2/21,58 
NeiMeng,2020/2/20,59 
NeiMeng,2020/2/19,65 
NeiMeng,2020/2/18,65 
NeiMeng,2020/2/17,64 
NeiMeng,2020/2/16,62 
NeiMeng,2020/2/15,61 
NeiMeng,2020/2/14,59 
NeiMeng,2020/2/13,55 
NeiMeng,2020/2/12,54 
NeiMeng,2020/2/11,53 
NeiMeng,2020/2/10,53 
NeiMeng,2020/2/9,49 
NeiMeng,2020/2/8,47 
NeiMeng,2020/2/7,45 
NeiMeng,2020/2/6,42 
NeiMeng,2020/2/5,39 
NeiMeng,2020/2/4,34 
NeiMeng,2020/2/3,33 
NeiMeng,2020/2/2,26 
NeiMeng,2020/2/1,22 
NeiMeng,2020/1/31,19 
NeiMeng,2020/1/30,19 
NeiMeng,2020/1/29,16 
NeiMeng,2020/1/28,15 
NeiMeng,2020/1/27,11 
NeiMeng,2020/1/26,7 
NeiMeng,2020/1/25,7 
NeiMeng,2020/1/24,1 
JiangSu,2020/6/1,0 
JiangSu,2020/5/31,0 
JiangSu,2020/5/30,0 
JiangSu,2020/5/29,0 
JiangSu,2020/5/28,0 
JiangSu,2020/5/27,0 
JiangSu,2020/5/26,0 
JiangSu,2020/5/25,0 
JiangSu,2020/5/24,0 
JiangSu,2020/5/23,0 
JiangSu,2020/5/22,0 
JiangSu,2020/5/21,0 
JiangSu,2020/5/20,0 
JiangSu,2020/5/19,0 
JiangSu,2020/5/18,0 
JiangSu,2020/5/17,0 
JiangSu,2020/5/16,0 
JiangSu,2020/5/15,0 
JiangSu,2020/5/14,0 
JiangSu,2020/5/13,0 
JiangSu,2020/5/12,0 
JiangSu,2020/5/11,0 
JiangSu,2020/5/10,0 
JiangSu,2020/5/9,1 
JiangSu,2020/5/8,1 
JiangSu,2020/5/7,1 
JiangSu,2020/5/6,2 
JiangSu,2020/5/5,3 
JiangSu,2020/5/4,3 
JiangSu,2020/5/3,3 
JiangSu,2020/5/2,3 
JiangSu,2020/5/1,3 
JiangSu,2020/4/30,3 
JiangSu,2020/4/29,5 
JiangSu,2020/4/28,6 
JiangSu,2020/4/27,7 
JiangSu,2020/4/26,7 
JiangSu,2020/4/25,7 
JiangSu,2020/4/24,7 
JiangSu,2020/4/23,7 
JiangSu,2020/4/22,8 
JiangSu,2020/4/21,9 
JiangSu,2020/4/20,10 
JiangSu,2020/4/19,10 
JiangSu,2020/4/18,10 
JiangSu,2020/4/17,10 
JiangSu,2020/4/16,11 
JiangSu,2020/4/15,11 
JiangSu,2020/4/14,12 
JiangSu,2020/4/13,15 
JiangSu,2020/4/12,15 
JiangSu,2020/4/11,16 
JiangSu,2020/4/10,17 
JiangSu,2020/4/9,18 
JiangSu,2020/4/8,18 
JiangSu,2020/4/7,18 
JiangSu,2020/4/6,18 
JiangSu,2020/4/5,18 
JiangSu,2020/4/4,19 
JiangSu,2020/4/3,19 
JiangSu,2020/4/2,16 
JiangSu,2020/4/1,15 
JiangSu,2020/3/31,15 
JiangSu,2020/3/30,14 
JiangSu,2020/3/29,13 
JiangSu,2020/3/28,10 
JiangSu,2020/3/27,10 
JiangSu,2020/3/26,9 
JiangSu,2020/3/25,7 
JiangSu,2020/3/24,5 
JiangSu,2020/3/23,2 
JiangSu,2020/3/22,2 
JiangSu,2020/3/21,0 
JiangSu,2020/3/20,0 
JiangSu,2020/3/19,0 
JiangSu,2020/3/18,0 
JiangSu,2020/3/17,0 
JiangSu,2020/3/16,0 
JiangSu,2020/3/15,0 
JiangSu,2020/3/14,1 
JiangSu,2020/3/13,1 
JiangSu,2020/3/12,2 
JiangSu,2020/3/11,4 
JiangSu,2020/3/10,4 
JiangSu,2020/3/9,10 
JiangSu,2020/3/8,19 
JiangSu,2020/3/7,25 
JiangSu,2020/3/6,37 
JiangSu,2020/3/5,48 
JiangSu,2020/3/4,54 
JiangSu,2020/3/3,69 
JiangSu,2020/3/2,88 
JiangSu,2020/3/1,95 
JiangSu,2020/2/29,108 
JiangSu,2020/2/28,116 
JiangSu,2020/2/27,133 
JiangSu,2020/2/26,153 
JiangSu,2020/2/25,173 
JiangSu,2020/2/24,179 
JiangSu,2020/2/23,213 
JiangSu,2020/2/22,230 
JiangSu,2020/2/21,258 
JiangSu,2020/2/20,275 
JiangSu,2020/2/19,313 
JiangSu,2020/2/18,349 
JiangSu,2020/2/17,368 
JiangSu,2020/2/16,399 
JiangSu,2020/2/15,418 
JiangSu,2020/2/14,436 
JiangSu,2020/2/13,431 
JiangSu,2020/2/12,418 
JiangSu,2020/2/11,422 
JiangSu,2020/2/10,411 
JiangSu,2020/2/9,397 
JiangSu,2020/2/8,388 
JiangSu,2020/2/7,365 
JiangSu,2020/2/6,339 
JiangSu,2020/2/5,318 
JiangSu,2020/2/4,296 
JiangSu,2020/2/3,263 
JiangSu,2020/2/2,229 
JiangSu,2020/2/1,196 
JiangSu,2020/1/31,163 
JiangSu,2020/1/30,128 
JiangSu,2020/1/29,98 
JiangSu,2020/1/28,69 
JiangSu,2020/1/27,46 
JiangSu,2020/1/26,32 
JiangSu,2020/1/25,17 
JiangSu,2020/1/24,9 
JiangSu,2020/1/23,5 
JiangSu,2020/1/22,1 
JiangXi,2020/6/1,0 
JiangXi,2020/5/31,0 
JiangXi,2020/5/30,0 
JiangXi,2020/5/29,0 
JiangXi,2020/5/28,0 
JiangXi,2020/5/27,0 
JiangXi,2020/5/26,0 
JiangXi,2020/5/25,0 
JiangXi,2020/5/24,0 
JiangXi,2020/5/23,0 
JiangXi,2020/5/22,0 
JiangXi,2020/5/21,0 
JiangXi,2020/5/20,0 
JiangXi,2020/5/19,0 
JiangXi,2020/5/18,0 
JiangXi,2020/5/17,0 
JiangXi,2020/5/16,0 
JiangXi,2020/5/15,0 
JiangXi,2020/5/14,0 
JiangXi,2020/5/13,0 
JiangXi,2020/5/12,0 
JiangXi,2020/5/11,0 
JiangXi,2020/5/10,0 
JiangXi,2020/5/9,0 
JiangXi,2020/5/8,0 
JiangXi,2020/5/7,0 
JiangXi,2020/5/6,0 
JiangXi,2020/5/5,0 
JiangXi,2020/5/4,0 
JiangXi,2020/5/3,0 
JiangXi,2020/5/2,0 
JiangXi,2020/5/1,0 
JiangXi,2020/4/30,0 
JiangXi,2020/4/29,0 
JiangXi,2020/4/28,0 
JiangXi,2020/4/27,0 
JiangXi,2020/4/26,0 
JiangXi,2020/4/25,0 
JiangXi,2020/4/24,0 
JiangXi,2020/4/23,0 
JiangXi,2020/4/22,0 
JiangXi,2020/4/21,0 
JiangXi,2020/4/20,0 
JiangXi,2020/4/19,0 
JiangXi,2020/4/18,0 
JiangXi,2020/4/17,0 
JiangXi,2020/4/16,0 
JiangXi,2020/4/15,0 
JiangXi,2020/4/14,0 
JiangXi,2020/4/13,0 
JiangXi,2020/4/12,0 
JiangXi,2020/4/11,0 
JiangXi,2020/4/10,0 
JiangXi,2020/4/9,1 
JiangXi,2020/4/8,1 
JiangXi,2020/4/7,1 
JiangXi,2020/4/6,1 
JiangXi,2020/4/5,1 
JiangXi,2020/4/4,1 
JiangXi,2020/4/3,1 
JiangXi,2020/4/2,1 
JiangXi,2020/4/1,1 
JiangXi,2020/3/31,1 
JiangXi,2020/3/30,1 
JiangXi,2020/3/29,2 
JiangXi,2020/3/28,1 
JiangXi,2020/3/27,1 
JiangXi,2020/3/26,1 
JiangXi,2020/3/25,1 
JiangXi,2020/3/24,1 
JiangXi,2020/3/23,1 
JiangXi,2020/3/22,1 
JiangXi,2020/3/21,0 
JiangXi,2020/3/20,0 
JiangXi,2020/3/19,0 
JiangXi,2020/3/18,0 
JiangXi,2020/3/17,0 
JiangXi,2020/3/16,0 
JiangXi,2020/3/15,0 
JiangXi,2020/3/14,0 
JiangXi,2020/3/13,0 
JiangXi,2020/3/12,0 
JiangXi,2020/3/11,2 
JiangXi,2020/3/10,7 
JiangXi,2020/3/9,11 
JiangXi,2020/3/8,15 
JiangXi,2020/3/7,18 
JiangXi,2020/3/6,25 
JiangXi,2020/3/5,33 
JiangXi,2020/3/4,50 
JiangXi,2020/3/3,64 
JiangXi,2020/3/2,84 
JiangXi,2020/3/1,103 
JiangXi,2020/2/29,123 
JiangXi,2020/2/28,144 
JiangXi,2020/2/27,179 
JiangXi,2020/2/26,214 
JiangXi,2020/2/25,250 
JiangXi,2020/2/24,288 
JiangXi,2020/2/23,320 
JiangXi,2020/2/22,378 
JiangXi,2020/2/21,444 
JiangXi,2020/2/20,500 
JiangXi,2020/2/19,571 
JiangXi,2020/2/18,622 
JiangXi,2020/2/17,654 
JiangXi,2020/2/16,684 
JiangXi,2020/2/15,702 
JiangXi,2020/2/14,712 
JiangXi,2020/2/13,701 
JiangXi,2020/2/12,691 
JiangXi,2020/2/11,675 
JiangXi,2020/2/10,665 
JiangXi,2020/2/9,667 
JiangXi,2020/2/8,643 
JiangXi,2020/2/7,616 
JiangXi,2020/2/6,563 
JiangXi,2020/2/5,521 
JiangXi,2020/2/4,456 
JiangXi,2020/2/3,373 
JiangXi,2020/2/2,321 
JiangXi,2020/2/1,277 
JiangXi,2020/1/31,233 
JiangXi,2020/1/30,157 
JiangXi,2020/1/29,106 
JiangXi,2020/1/28,106 
JiangXi,2020/1/27,70 
JiangXi,2020/1/26,36 
JiangXi,2020/1/25,18 
JiangXi,2020/1/24,18 
JiangXi,2020/1/23,7 
JiangXi,2020/1/22,2 
JiLin,2020/6/1,6 
JiLin,2020/5/31,9 
JiLin,2020/5/30,9 
JiLin,2020/5/29,11 
JiLin,2020/5/28,17 
JiLin,2020/5/27,20 
JiLin,2020/5/26,25 
JiLin,2020/5/25,25 
JiLin,2020/5/24,25 
JiLin,2020/5/23,25 
JiLin,2020/5/22,24 
JiLin,2020/5/21,26 
JiLin,2020/5/20,26 
JiLin,2020/5/19,26 
JiLin,2020/5/18,26 
JiLin,2020/5/17,22 
JiLin,2020/5/16,29 
JiLin,2020/5/15,31 
JiLin,2020/5/14,29 
JiLin,2020/5/13,25 
JiLin,2020/5/12,24 
JiLin,2020/5/11,21 
JiLin,2020/5/10,21 
JiLin,2020/5/9,18 
JiLin,2020/5/8,8 
JiLin,2020/5/7,8 
JiLin,2020/5/6,8 
JiLin,2020/5/5,8 
JiLin,2020/5/4,8 
JiLin,2020/5/3,8 
JiLin,2020/5/2,9 
JiLin,2020/5/1,9 
JiLin,2020/4/30,9 
JiLin,2020/4/29,11 
JiLin,2020/4/28,10 
JiLin,2020/4/27,10 
JiLin,2020/4/26,10 
JiLin,2020/4/25,9 
JiLin,2020/4/24,9 
JiLin,2020/4/23,8 
JiLin,2020/4/22,7 
JiLin,2020/4/21,8 
JiLin,2020/4/20,6 
JiLin,2020/4/19,6 
JiLin,2020/4/18,4 
JiLin,2020/4/17,4 
JiLin,2020/4/16,5 
JiLin,2020/4/15,5 
JiLin,2020/4/14,3 
JiLin,2020/4/13,3 
JiLin,2020/4/12,2 
JiLin,2020/4/11,1 
JiLin,2020/4/10,2 
JiLin,2020/4/9,4 
JiLin,2020/4/8,4 
JiLin,2020/4/7,5 
JiLin,2020/4/6,5 
JiLin,2020/4/5,5 
JiLin,2020/4/4,5 
JiLin,2020/4/3,5 
JiLin,2020/4/2,5 
JiLin,2020/4/1,5 
JiLin,2020/3/31,5 
JiLin,2020/3/30,5 
JiLin,2020/3/29,5 
JiLin,2020/3/28,4 
JiLin,2020/3/27,2 
JiLin,2020/3/26,2 
JiLin,2020/3/25,1 
JiLin,2020/3/24,0 
JiLin,2020/3/23,0 
JiLin,2020/3/22,0 
JiLin,2020/3/21,0 
JiLin,2020/3/20,0 
JiLin,2020/3/19,0 
JiLin,2020/3/18,0 
JiLin,2020/3/17,0 
JiLin,2020/3/16,0 
JiLin,2020/3/15,1 
JiLin,2020/3/14,1 
JiLin,2020/3/13,1 
JiLin,2020/3/12,1 
JiLin,2020/3/11,1 
JiLin,2020/3/10,1 
JiLin,2020/3/9,1 
JiLin,2020/3/8,2 
JiLin,2020/3/7,2 
JiLin,2020/3/6,2 
JiLin,2020/3/5,4 
JiLin,2020/3/4,6 
JiLin,2020/3/3,9 
JiLin,2020/3/2,9 
JiLin,2020/3/1,14 
JiLin,2020/2/29,17 
JiLin,2020/2/28,19 
JiLin,2020/2/27,25 
JiLin,2020/2/26,27 
JiLin,2020/2/25,29 
JiLin,2020/2/24,32 
JiLin,2020/2/23,36 
JiLin,2020/2/22,38 
JiLin,2020/2/21,45 
JiLin,2020/2/20,47 
JiLin,2020/2/19,52 
JiLin,2020/2/18,52 
JiLin,2020/2/17,54 
JiLin,2020/2/16,58 
JiLin,2020/2/15,61 
JiLin,2020/2/14,60 
JiLin,2020/2/13,59 
JiLin,2020/2/12,60 
JiLin,2020/2/11,62 
JiLin,2020/2/10,66 
JiLin,2020/2/9,65 
JiLin,2020/2/8,64 
JiLin,2020/2/7,60 
JiLin,2020/2/6,55 
JiLin,2020/2/5,52 
JiLin,2020/2/4,41 
JiLin,2020/2/3,30 
JiLin,2020/2/2,22 
JiLin,2020/2/1,16 
JiLin,2020/1/31,13 
JiLin,2020/1/30,13 
JiLin,2020/1/29,9 
JiLin,2020/1/28,8 
JiLin,2020/1/27,6 
JiLin,2020/1/26,4 
JiLin,2020/1/25,4 
JiLin,2020/1/24,3 
JiLin,2020/1/23,1 
LiaoNing,2020/6/1,0 
LiaoNing,2020/5/31,0 
LiaoNing,2020/5/30,0 
LiaoNing,2020/5/29,0 
LiaoNing,2020/5/28,0 
LiaoNing,2020/5/27,0 
LiaoNing,2020/5/26,0 
LiaoNing,2020/5/25,0 
LiaoNing,2020/5/24,2 
LiaoNing,2020/5/23,3 
LiaoNing,2020/5/22,3 
LiaoNing,2020/5/21,3 
LiaoNing,2020/5/20,3 
LiaoNing,2020/5/19,3 
LiaoNing,2020/5/18,3 
LiaoNing,2020/5/17,3 
LiaoNing,2020/5/16,3 
LiaoNing,2020/5/15,3 
LiaoNing,2020/5/14,3 
LiaoNing,2020/5/13,3 
LiaoNing,2020/5/12,1 
LiaoNing,2020/5/11,1 
LiaoNing,2020/5/10,1 
LiaoNing,2020/5/9,0 
LiaoNing,2020/5/8,0 
LiaoNing,2020/5/7,0 
LiaoNing,2020/5/6,0 
LiaoNing,2020/5/5,0 
LiaoNing,2020/5/4,0 
LiaoNing,2020/5/3,0 
LiaoNing,2020/5/2,0 
LiaoNing,2020/5/1,0 
LiaoNing,2020/4/30,1 
LiaoNing,2020/4/29,1 
LiaoNing,2020/4/28,1 
LiaoNing,2020/4/27,1 
LiaoNing,2020/4/26,1 
LiaoNing,2020/4/25,1 
LiaoNing,2020/4/24,1 
LiaoNing,2020/4/23,1 
LiaoNing,2020/4/22,1 
LiaoNing,2020/4/21,1 
LiaoNing,2020/4/20,1 
LiaoNing,2020/4/19,2 
LiaoNing,2020/4/18,2 
LiaoNing,2020/4/17,4 
LiaoNing,2020/4/16,3 
LiaoNing,2020/4/15,5 
LiaoNing,2020/4/14,5 
LiaoNing,2020/4/13,7 
LiaoNing,2020/4/12,7 
LiaoNing,2020/4/11,10 
LiaoNing,2020/4/10,10 
LiaoNing,2020/4/9,10 
LiaoNing,2020/4/8,11 
LiaoNing,2020/4/7,12 
LiaoNing,2020/4/6,12 
LiaoNing,2020/4/5,14 
LiaoNing,2020/4/4,14 
LiaoNing,2020/4/3,15 
LiaoNing,2020/4/2,15 
LiaoNing,2020/4/1,14 
LiaoNing,2020/3/31,13 
LiaoNing,2020/3/30,10 
LiaoNing,2020/3/29,8 
LiaoNing,2020/3/28,6 
LiaoNing,2020/3/27,2 
LiaoNing,2020/3/26,2 
LiaoNing,2020/3/25,1 
LiaoNing,2020/3/24,1 
LiaoNing,2020/3/23,1 
LiaoNing,2020/3/22,0 
LiaoNing,2020/3/21,2 
LiaoNing,2020/3/20,2 
LiaoNing,2020/3/19,2 
LiaoNing,2020/3/18,2 
LiaoNing,2020/3/17,4 
LiaoNing,2020/3/16,9 
LiaoNing,2020/3/15,10 
LiaoNing,2020/3/14,11 
LiaoNing,2020/3/13,12 
LiaoNing,2020/3/12,12 
LiaoNing,2020/3/11,13 
LiaoNing,2020/3/10,13 
LiaoNing,2020/3/9,15 
LiaoNing,2020/3/8,15 
LiaoNing,2020/3/7,17 
LiaoNing,2020/3/6,18 
LiaoNing,2020/3/5,18 
LiaoNing,2020/3/4,18 
LiaoNing,2020/3/3,18 
LiaoNing,2020/3/2,18 
LiaoNing,2020/3/1,18 
LiaoNing,2020/2/29,24 
LiaoNing,2020/2/28,27 
LiaoNing,2020/2/27,27 
LiaoNing,2020/2/26,32 
LiaoNing,2020/2/25,37 
LiaoNing,2020/2/24,40 
LiaoNing,2020/2/23,47 
LiaoNing,2020/2/22,54 
LiaoNing,2020/2/21,59 
LiaoNing,2020/2/20,61 
LiaoNing,2020/2/19,65 
LiaoNing,2020/2/18,67 
LiaoNing,2020/2/17,77 
LiaoNing,2020/2/16,80 
LiaoNing,2020/2/15,87 
LiaoNing,2020/2/14,89 
LiaoNing,2020/2/13,94 
LiaoNing,2020/2/12,95 
LiaoNing,2020/2/11,92 
LiaoNing,2020/2/10,95 
LiaoNing,2020/2/9,95 
LiaoNing,2020/2/8,97 
LiaoNing,2020/2/7,92 
LiaoNing,2020/2/6,89 
LiaoNing,2020/2/5,85 
LiaoNing,2020/2/4,79 
LiaoNing,2020/2/3,73 
LiaoNing,2020/2/2,69 
LiaoNing,2020/2/1,63 
LiaoNing,2020/1/31,47 
LiaoNing,2020/1/30,40 
LiaoNing,2020/1/29,38 
LiaoNing,2020/1/28,34 
LiaoNing,2020/1/27,27 
LiaoNing,2020/1/26,21 
LiaoNing,2020/1/25,17 
LiaoNing,2020/1/24,4 
LiaoNing,2020/1/23,3 
LiaoNing,2020/1/22,2 
Macau,2020/6/1,0 
Macau,2020/5/31,0 
Macau,2020/5/30,0 
Macau,2020/5/29,0 
Macau,2020/5/28,0 
Macau,2020/5/27,0 
Macau,2020/5/26,0 
Macau,2020/5/25,0 
Macau,2020/5/24,0 
Macau,2020/5/23,0 
Macau,2020/5/22,0 
Macau,2020/5/21,1 
Macau,2020/5/20,1 
Macau,2020/5/19,1 
Macau,2020/5/18,1 
Macau,2020/5/17,1 
Macau,2020/5/16,1 
Macau,2020/5/15,2 
Macau,2020/5/14,2 
Macau,2020/5/13,2 
Macau,2020/5/12,3 
Macau,2020/5/11,3 
Macau,2020/5/10,4 
Macau,2020/5/9,5 
Macau,2020/5/8,5 
Macau,2020/5/7,5 
Macau,2020/5/6,5 
Macau,2020/5/5,6 
Macau,2020/5/4,6 
Macau,2020/5/3,6 
Macau,2020/5/2,8 
Macau,2020/5/1,10 
Macau,2020/4/30,10 
Macau,2020/4/29,11 
Macau,2020/4/28,12 
Macau,2020/4/27,13 
Macau,2020/4/26,14 
Macau,2020/4/25,17 
Macau,2020/4/24,18 
Macau,2020/4/23,18 
Macau,2020/4/22,19 
Macau,2020/4/21,21 
Macau,2020/4/20,23 
Macau,2020/4/19,25 
Macau,2020/4/18,28 
Macau,2020/4/17,29 
Macau,2020/4/16,29 
Macau,2020/4/15,29 
Macau,2020/4/14,32 
Macau,2020/4/13,32 
Macau,2020/4/12,32 
Macau,2020/4/11,35 
Macau,2020/4/10,35 
Macau,2020/4/9,35 
Macau,2020/4/8,35 
Macau,2020/4/7,34 
Macau,2020/4/6,34 
Macau,2020/4/5,34 
Macau,2020/4/4,33 
Macau,2020/4/3,33 
Macau,2020/4/2,31 
Macau,2020/4/1,31 
Macau,2020/3/31,31 
Macau,2020/3/30,28 
Macau,2020/3/29,27 
Macau,2020/3/28,27 
Macau,2020/3/27,23 
Macau,2020/3/26,21 
Macau,2020/3/25,20 
Macau,2020/3/24,15 
Macau,2020/3/23,14 
Macau,2020/3/22,10 
Macau,2020/3/21,8 
Macau,2020/3/20,7 
Macau,2020/3/19,7 
Macau,2020/3/18,5 
Macau,2020/3/17,2 
Macau,2020/3/16,1 
Macau,2020/3/15,0 
Macau,2020/3/14,0 
Macau,2020/3/13,0 
Macau,2020/3/12,0 
Macau,2020/3/11,0 
Macau,2020/3/10,0 
Macau,2020/3/9,0 
Macau,2020/3/8,0 
Macau,2020/3/7,0 
Macau,2020/3/6,0 
Macau,2020/3/5,1 
Macau,2020/3/4,1 
Macau,2020/3/3,1 
Macau,2020/3/2,2 
Macau,2020/3/1,2 
Macau,2020/2/29,2 
Macau,2020/2/28,2 
Macau,2020/2/27,2 
Macau,2020/2/26,3 
Macau,2020/2/25,3 
Macau,2020/2/24,4 
Macau,2020/2/23,4 
Macau,2020/2/22,4 
Macau,2020/2/21,4 
Macau,2020/2/20,4 
Macau,2020/2/19,5 
Macau,2020/2/18,5 
Macau,2020/2/17,5 
Macau,2020/2/16,5 
Macau,2020/2/15,7 
Macau,2020/2/14,7 
Macau,2020/2/13,7 
Macau,2020/2/12,8 
Macau,2020/2/11,9 
Macau,2020/2/10,9 
Macau,2020/2/9,9 
Macau,2020/2/8,9 
Macau,2020/2/7,9 
Macau,2020/2/6,9 
Macau,2020/2/5,10 
Macau,2020/2/4,10 
Macau,2020/2/3,8 
Macau,2020/2/2,8 
Macau,2020/2/1,7 
Macau,2020/1/31,7 
Macau,2020/1/30,7 
Macau,2020/1/29,7 
Macau,2020/1/28,7 
Macau,2020/1/27,6 
Macau,2020/1/26,5 
Macau,2020/1/25,2 
Macau,2020/1/24,2 
Macau,2020/1/23,2 
Macau,2020/1/22,1 
NingXia,2020/6/1,0 
NingXia,2020/5/31,0 
NingXia,2020/5/30,0 
NingXia,2020/5/29,0 
NingXia,2020/5/28,0 
NingXia,2020/5/27,0 
NingXia,2020/5/26,0 
NingXia,2020/5/25,0 
NingXia,2020/5/24,0 
NingXia,2020/5/23,0 
NingXia,2020/5/22,0 
NingXia,2020/5/21,0 
NingXia,2020/5/20,0 
NingXia,2020/5/19,0 
NingXia,2020/5/18,0 
NingXia,2020/5/17,0 
NingXia,2020/5/16,0 
NingXia,2020/5/15,0 
NingXia,2020/5/14,0 
NingXia,2020/5/13,0 
NingXia,2020/5/12,0 
NingXia,2020/5/11,0 
NingXia,2020/5/10,0 
NingXia,2020/5/9,0 
NingXia,2020/5/8,0 
NingXia,2020/5/7,0 
NingXia,2020/5/6,0 
NingXia,2020/5/5,0 
NingXia,2020/5/4,0 
NingXia,2020/5/3,0 
NingXia,2020/5/2,0 
NingXia,2020/5/1,0 
NingXia,2020/4/30,0 
NingXia,2020/4/29,0 
NingXia,2020/4/28,0 
NingXia,2020/4/27,0 
NingXia,2020/4/26,0 
NingXia,2020/4/25,0 
NingXia,2020/4/24,0 
NingXia,2020/4/23,0 
NingXia,2020/4/22,0 
NingXia,2020/4/21,0 
NingXia,2020/4/20,0 
NingXia,2020/4/19,0 
NingXia,2020/4/18,0 
NingXia,2020/4/17,0 
NingXia,2020/4/16,0 
NingXia,2020/4/15,0 
NingXia,2020/4/14,0 
NingXia,2020/4/13,0 
NingXia,2020/4/12,0 
NingXia,2020/4/11,0 
NingXia,2020/4/10,0 
NingXia,2020/4/9,0 
NingXia,2020/4/8,0 
NingXia,2020/4/7,0 
NingXia,2020/4/6,0 
NingXia,2020/4/5,0 
NingXia,2020/4/4,0 
NingXia,2020/4/3,0 
NingXia,2020/4/2,0 
NingXia,2020/4/1,0 
NingXia,2020/3/31,0 
NingXia,2020/3/30,0 
NingXia,2020/3/29,0 
NingXia,2020/3/28,0 
NingXia,2020/3/27,0 
NingXia,2020/3/26,0 
NingXia,2020/3/25,0 
NingXia,2020/3/24,0 
NingXia,2020/3/23,0 
NingXia,2020/3/22,0 
NingXia,2020/3/21,0 
NingXia,2020/3/20,0 
NingXia,2020/3/19,0 
NingXia,2020/3/18,0 
NingXia,2020/3/17,0 
NingXia,2020/3/16,0 
NingXia,2020/3/15,2 
NingXia,2020/3/14,2 
NingXia,2020/3/13,3 
NingXia,2020/3/12,3 
NingXia,2020/3/11,3 
NingXia,2020/3/10,4 
NingXia,2020/3/9,4 
NingXia,2020/3/8,4 
NingXia,2020/3/7,4 
NingXia,2020/3/6,4 
NingXia,2020/3/5,6 
NingXia,2020/3/4,6 
NingXia,2020/3/3,5 
NingXia,2020/3/2,5 
NingXia,2020/3/1,4 
NingXia,2020/2/29,4 
NingXia,2020/2/28,4 
NingXia,2020/2/27,4 
NingXia,2020/2/26,6 
NingXia,2020/2/25,10 
NingXia,2020/2/24,13 
NingXia,2020/2/23,15 
NingXia,2020/2/22,23 
NingXia,2020/2/21,23 
NingXia,2020/2/20,27 
NingXia,2020/2/19,29 
NingXia,2020/2/18,28 
NingXia,2020/2/17,35 
NingXia,2020/2/16,37 
NingXia,2020/2/15,37 
NingXia,2020/2/14,43 
NingXia,2020/2/13,40 
NingXia,2020/2/12,34 
NingXia,2020/2/11,31 
NingXia,2020/2/10,36 
NingXia,2020/2/9,32 
NingXia,2020/2/8,30 
NingXia,2020/2/7,38 
NingXia,2020/2/6,39 
NingXia,2020/2/5,33 
NingXia,2020/2/4,33 
NingXia,2020/2/3,30 
NingXia,2020/2/2,28 
NingXia,2020/2/1,26 
NingXia,2020/1/31,21 
NingXia,2020/1/30,17 
NingXia,2020/1/29,12 
NingXia,2020/1/28,11 
NingXia,2020/1/27,7 
NingXia,2020/1/26,4 
NingXia,2020/1/25,3 
NingXia,2020/1/24,2 
NingXia,2020/1/23,1 
NingXia,2020/1/22,1 
QingHai,2020/6/1,0 
QingHai,2020/5/31,0 
QingHai,2020/5/30,0 
QingHai,2020/5/29,0 
QingHai,2020/5/28,0 
QingHai,2020/5/27,0 
QingHai,2020/5/26,0 
QingHai,2020/5/25,0 
QingHai,2020/5/24,0 
QingHai,2020/5/23,0 
QingHai,2020/5/22,0 
QingHai,2020/5/21,0 
QingHai,2020/5/20,0 
QingHai,2020/5/19,0 
QingHai,2020/5/18,0 
QingHai,2020/5/17,0 
QingHai,2020/5/16,0 
QingHai,2020/5/15,0 
QingHai,2020/5/14,0 
QingHai,2020/5/13,0 
QingHai,2020/5/12,0 
QingHai,2020/5/11,0 
QingHai,2020/5/10,0 
QingHai,2020/5/9,0 
QingHai,2020/5/8,0 
QingHai,2020/5/7,0 
QingHai,2020/5/6,0 
QingHai,2020/5/5,0 
QingHai,2020/5/4,0 
QingHai,2020/5/3,0 
QingHai,2020/5/2,0 
QingHai,2020/5/1,0 
QingHai,2020/4/30,0 
QingHai,2020/4/29,0 
QingHai,2020/4/28,0 
QingHai,2020/4/27,0 
QingHai,2020/4/26,0 
QingHai,2020/4/25,0 
QingHai,2020/4/24,0 
QingHai,2020/4/23,0 
QingHai,2020/4/22,0 
QingHai,2020/4/21,0 
QingHai,2020/4/20,0 
QingHai,2020/4/19,0 
QingHai,2020/4/18,0 
QingHai,2020/4/17,0 
QingHai,2020/4/16,0 
QingHai,2020/4/15,0 
QingHai,2020/4/14,0 
QingHai,2020/4/13,0 
QingHai,2020/4/12,0 
QingHai,2020/4/11,0 
QingHai,2020/4/10,0 
QingHai,2020/4/9,0 
QingHai,2020/4/8,0 
QingHai,2020/4/7,0 
QingHai,2020/4/6,0 
QingHai,2020/4/5,0 
QingHai,2020/4/4,0 
QingHai,2020/4/3,0 
QingHai,2020/4/2,0 
QingHai,2020/4/1,0 
QingHai,2020/3/31,0 
QingHai,2020/3/30,0 
QingHai,2020/3/29,0 
QingHai,2020/3/28,0 
QingHai,2020/3/27,0 
QingHai,2020/3/26,0 
QingHai,2020/3/25,0 
QingHai,2020/3/24,0 
QingHai,2020/3/23,0 
QingHai,2020/3/22,0 
QingHai,2020/3/21,0 
QingHai,2020/3/20,0 
QingHai,2020/3/19,0 
QingHai,2020/3/18,0 
QingHai,2020/3/17,0 
QingHai,2020/3/16,0 
QingHai,2020/3/15,0 
QingHai,2020/3/14,0 
QingHai,2020/3/13,0 
QingHai,2020/3/12,0 
QingHai,2020/3/11,0 
QingHai,2020/3/10,0 
QingHai,2020/3/9,0 
QingHai,2020/3/8,0 
QingHai,2020/3/7,0 
QingHai,2020/3/6,0 
QingHai,2020/3/5,0 
QingHai,2020/3/4,0 
QingHai,2020/3/3,0 
QingHai,2020/3/2,0 
QingHai,2020/3/1,0 
QingHai,2020/2/29,0 
QingHai,2020/2/28,0 
QingHai,2020/2/27,0 
QingHai,2020/2/26,0 
QingHai,2020/2/25,0 
QingHai,2020/2/24,0 
QingHai,2020/2/23,0 
QingHai,2020/2/22,0 
QingHai,2020/2/21,0 
QingHai,2020/2/20,2 
QingHai,2020/2/19,2 
QingHai,2020/2/18,3 
QingHai,2020/2/17,5 
QingHai,2020/2/16,5 
QingHai,2020/2/15,5 
QingHai,2020/2/14,7 
QingHai,2020/2/13,7 
QingHai,2020/2/12,9 
QingHai,2020/2/11,13 
QingHai,2020/2/10,15 
QingHai,2020/2/9,15 
QingHai,2020/2/8,15 
QingHai,2020/2/7,15 
QingHai,2020/2/6,15 
QingHai,2020/2/5,14 
QingHai,2020/2/4,15 
QingHai,2020/2/3,13 
QingHai,2020/2/2,11 
QingHai,2020/2/1,9 
QingHai,2020/1/31,8 
QingHai,2020/1/30,8 
QingHai,2020/1/29,6 
QingHai,2020/1/28,6 
QingHai,2020/1/27,6 
QingHai,2020/1/26,1 
QingHai,2020/1/25,1 
ShaanXi,2020/6/1,1 
ShaanXi,2020/5/31,0 
ShaanXi,2020/5/30,0 
ShaanXi,2020/5/29,0 
ShaanXi,2020/5/28,0 
ShaanXi,2020/5/27,0 
ShaanXi,2020/5/26,0 
ShaanXi,2020/5/25,0 
ShaanXi,2020/5/24,0 
ShaanXi,2020/5/23,0 
ShaanXi,2020/5/22,1 
ShaanXi,2020/5/21,2 
ShaanXi,2020/5/20,2 
ShaanXi,2020/5/19,2 
ShaanXi,2020/5/18,2 
ShaanXi,2020/5/17,4 
ShaanXi,2020/5/16,4 
ShaanXi,2020/5/15,4 
ShaanXi,2020/5/14,5 
ShaanXi,2020/5/13,8 
ShaanXi,2020/5/12,8 
ShaanXi,2020/5/11,9 
ShaanXi,2020/5/10,11 
ShaanXi,2020/5/9,12 
ShaanXi,2020/5/8,37 
ShaanXi,2020/5/7,37 
ShaanXi,2020/5/6,39 
ShaanXi,2020/5/5,41 
ShaanXi,2020/5/4,40 
ShaanXi,2020/5/3,40 
ShaanXi,2020/5/2,48 
ShaanXi,2020/5/1,49 
ShaanXi,2020/4/30,49 
ShaanXi,2020/4/29,50 
ShaanXi,2020/4/28,50 
ShaanXi,2020/4/27,30 
ShaanXi,2020/4/26,30 
ShaanXi,2020/4/25,30 
ShaanXi,2020/4/24,30 
ShaanXi,2020/4/23,23 
ShaanXi,2020/4/22,23 
ShaanXi,2020/4/21,21 
ShaanXi,2020/4/20,1 
ShaanXi,2020/4/19,1 
ShaanXi,2020/4/18,1 
ShaanXi,2020/4/17,1 
ShaanXi,2020/4/16,2 
ShaanXi,2020/4/15,2 
ShaanXi,2020/4/14,5 
ShaanXi,2020/4/13,5 
ShaanXi,2020/4/12,5 
ShaanXi,2020/4/11,5 
ShaanXi,2020/4/10,7 
ShaanXi,2020/4/9,7 
ShaanXi,2020/4/8,7 
ShaanXi,2020/4/7,7 
ShaanXi,2020/4/6,7 
ShaanXi,2020/4/5,8 
ShaanXi,2020/4/4,8 
ShaanXi,2020/4/3,8 
ShaanXi,2020/4/2,10 
ShaanXi,2020/4/1,10 
ShaanXi,2020/3/31,8 
ShaanXi,2020/3/30,8 
ShaanXi,2020/3/29,8 
ShaanXi,2020/3/28,8 
ShaanXi,2020/3/27,8 
ShaanXi,2020/3/26,8 
ShaanXi,2020/3/25,7 
ShaanXi,2020/3/24,6 
ShaanXi,2020/3/23,6 
ShaanXi,2020/3/22,6 
ShaanXi,2020/3/21,6 
ShaanXi,2020/3/20,7 
ShaanXi,2020/3/19,6 
ShaanXi,2020/3/18,6 
ShaanXi,2020/3/17,7 
ShaanXi,2020/3/16,10 
ShaanXi,2020/3/15,11 
ShaanXi,2020/3/14,11 
ShaanXi,2020/3/13,11 
ShaanXi,2020/3/12,11 
ShaanXi,2020/3/11,12 
ShaanXi,2020/3/10,17 
ShaanXi,2020/3/9,17 
ShaanXi,2020/3/8,17 
ShaanXi,2020/3/7,18 
ShaanXi,2020/3/6,18 
ShaanXi,2020/3/5,20 
ShaanXi,2020/3/4,21 
ShaanXi,2020/3/3,28 
ShaanXi,2020/3/2,28 
ShaanXi,2020/3/1,36 
ShaanXi,2020/2/29,37 
ShaanXi,2020/2/28,45 
ShaanXi,2020/2/27,49 
ShaanXi,2020/2/26,52 
ShaanXi,2020/2/25,58 
ShaanXi,2020/2/24,71 
ShaanXi,2020/2/23,81 
ShaanXi,2020/2/22,95 
ShaanXi,2020/2/21,110 
ShaanXi,2020/2/20,126 
ShaanXi,2020/2/19,140 
ShaanXi,2020/2/18,151 
ShaanXi,2020/2/17,161 
ShaanXi,2020/2/16,165 
ShaanXi,2020/2/15,172 
ShaanXi,2020/2/14,176 
ShaanXi,2020/2/13,183 
ShaanXi,2020/2/12,182 
ShaanXi,2020/2/11,187 
ShaanXi,2020/2/10,183 
ShaanXi,2020/2/9,183 
ShaanXi,2020/2/8,175 
ShaanXi,2020/2/7,167 
ShaanXi,2020/2/6,164 
ShaanXi,2020/2/5,159 
ShaanXi,2020/2/4,140 
ShaanXi,2020/2/3,128 
ShaanXi,2020/2/2,116 
ShaanXi,2020/2/1,101 
ShaanXi,2020/1/31,87 
ShaanXi,2020/1/30,63 
ShaanXi,2020/1/29,56 
ShaanXi,2020/1/28,46 
ShaanXi,2020/1/27,35 
ShaanXi,2020/1/26,22 
ShaanXi,2020/1/25,15 
ShaanXi,2020/1/24,5 
ShaanXi,2020/1/23,3 
ShanDong,2020/6/1,5 
ShanDong,2020/5/31,5 
ShanDong,2020/5/30,5 
ShanDong,2020/5/29,3 
ShanDong,2020/5/28,1 
ShanDong,2020/5/27,1 
ShanDong,2020/5/26,1 
ShanDong,2020/5/25,1 
ShanDong,2020/5/24,1 
ShanDong,2020/5/23,1 
ShanDong,2020/5/22,1 
ShanDong,2020/5/21,1 
ShanDong,2020/5/20,1 
ShanDong,2020/5/19,1 
ShanDong,2020/5/18,1 
ShanDong,2020/5/17,1 
ShanDong,2020/5/16,1 
ShanDong,2020/5/15,1 
ShanDong,2020/5/14,3 
ShanDong,2020/5/13,4 
ShanDong,2020/5/12,4 
ShanDong,2020/5/11,4 
ShanDong,2020/5/10,4 
ShanDong,2020/5/9,5 
ShanDong,2020/5/8,5 
ShanDong,2020/5/7,5 
ShanDong,2020/5/6,6 
ShanDong,2020/5/5,6 
ShanDong,2020/5/4,8 
ShanDong,2020/5/3,8 
ShanDong,2020/5/2,8 
ShanDong,2020/5/1,8 
ShanDong,2020/4/30,8 
ShanDong,2020/4/29,8 
ShanDong,2020/4/28,9 
ShanDong,2020/4/27,12 
ShanDong,2020/4/26,12 
ShanDong,2020/4/25,13 
ShanDong,2020/4/24,13 
ShanDong,2020/4/23,14 
ShanDong,2020/4/22,14 
ShanDong,2020/4/21,15 
ShanDong,2020/4/20,15 
ShanDong,2020/4/19,15 
ShanDong,2020/4/18,15 
ShanDong,2020/4/17,19 
ShanDong,2020/4/16,16 
ShanDong,2020/4/15,16 
ShanDong,2020/4/14,18 
ShanDong,2020/4/13,19 
ShanDong,2020/4/12,20 
ShanDong,2020/4/11,20 
ShanDong,2020/4/10,20 
ShanDong,2020/4/9,20 
ShanDong,2020/4/8,21 
ShanDong,2020/4/7,19 
ShanDong,2020/4/6,18 
ShanDong,2020/4/5,17 
ShanDong,2020/4/4,16 
ShanDong,2020/4/3,17 
ShanDong,2020/4/2,15 
ShanDong,2020/4/1,14 
ShanDong,2020/3/31,14 
ShanDong,2020/3/30,13 
ShanDong,2020/3/29,13 
ShanDong,2020/3/28,13 
ShanDong,2020/3/27,13 
ShanDong,2020/3/26,12 
ShanDong,2020/3/25,10 
ShanDong,2020/3/24,9 
ShanDong,2020/3/23,9 
ShanDong,2020/3/22,9 
ShanDong,2020/3/21,8 
ShanDong,2020/3/20,7 
ShanDong,2020/3/19,7 
ShanDong,2020/3/18,8 
ShanDong,2020/3/17,8 
ShanDong,2020/3/16,7 
ShanDong,2020/3/15,12 
ShanDong,2020/3/14,12 
ShanDong,2020/3/13,14 
ShanDong,2020/3/12,20 
ShanDong,2020/3/11,28 
ShanDong,2020/3/10,33 
ShanDong,2020/3/9,52 
ShanDong,2020/3/8,110 
ShanDong,2020/3/7,125 
ShanDong,2020/3/6,134 
ShanDong,2020/3/5,174 
ShanDong,2020/3/4,236 
ShanDong,2020/3/3,241 
ShanDong,2020/3/2,292 
ShanDong,2020/3/1,309 
ShanDong,2020/2/29,329 
ShanDong,2020/2/28,345 
ShanDong,2020/2/27,363 
ShanDong,2020/2/26,373 
ShanDong,2020/2/25,395 
ShanDong,2020/2/24,407 
ShanDong,2020/2/23,429 
ShanDong,2020/2/22,444 
ShanDong,2020/2/21,464 
ShanDong,2020/2/20,288 
ShanDong,2020/2/19,310 
ShanDong,2020/2/18,329 
ShanDong,2020/2/17,348 
ShanDong,2020/2/16,362 
ShanDong,2020/2/15,374 
ShanDong,2020/2/14,385 
ShanDong,2020/2/13,402 
ShanDong,2020/2/12,403 
ShanDong,2020/2/11,406 
ShanDong,2020/2/10,399 
ShanDong,2020/2/9,380 
ShanDong,2020/2/8,372 
ShanDong,2020/2/7,349 
ShanDong,2020/2/6,320 
ShanDong,2020/2/5,292 
ShanDong,2020/2/4,264 
ShanDong,2020/2/3,252 
ShanDong,2020/2/2,224 
ShanDong,2020/2/1,203 
ShanDong,2020/1/31,182 
ShanDong,2020/1/30,157 
ShanDong,2020/1/29,129 
ShanDong,2020/1/28,95 
ShanDong,2020/1/27,75 
ShanDong,2020/1/26,46 
ShanDong,2020/1/25,27 
ShanDong,2020/1/24,15 
ShanDong,2020/1/23,6 
ShanDong,2020/1/22,2 
ShangHai,2020/6/1,6 
ShangHai,2020/5/31,8 
ShangHai,2020/5/30,8 
ShangHai,2020/5/29,8 
ShangHai,2020/5/28,9 
ShangHai,2020/5/27,9 
ShangHai,2020/5/26,10 
ShangHai,2020/5/25,10 
ShangHai,2020/5/24,13 
ShangHai,2020/5/23,14 
ShangHai,2020/5/22,13 
ShangHai,2020/5/21,18 
ShangHai,2020/5/20,18 
ShangHai,2020/5/19,18 
ShangHai,2020/5/18,18 
ShangHai,2020/5/17,18 
ShangHai,2020/5/16,17 
ShangHai,2020/5/15,18 
ShangHai,2020/5/14,15 
ShangHai,2020/5/13,20 
ShangHai,2020/5/12,22 
ShangHai,2020/5/11,25 
ShangHai,2020/5/10,25 
ShangHai,2020/5/9,26 
ShangHai,2020/5/8,27 
ShangHai,2020/5/7,27 
ShangHai,2020/5/6,30 
ShangHai,2020/5/5,29 
ShangHai,2020/5/4,30 
ShangHai,2020/5/3,33 
ShangHai,2020/5/2,33 
ShangHai,2020/5/1,33 
ShangHai,2020/4/30,46 
ShangHai,2020/4/29,43 
ShangHai,2020/4/28,54 
ShangHai,2020/4/27,56 
ShangHai,2020/4/26,67 
ShangHai,2020/4/25,77 
ShangHai,2020/4/24,76 
ShangHai,2020/4/23,101 
ShangHai,2020/4/22,98 
ShangHai,2020/4/21,101 
ShangHai,2020/4/20,101 
ShangHai,2020/4/19,107 
ShangHai,2020/4/18,109 
ShangHai,2020/4/17,109 
ShangHai,2020/4/16,132 
ShangHai,2020/4/15,130 
ShangHai,2020/4/14,143 
ShangHai,2020/4/13,165 
ShangHai,2020/4/12,154 
ShangHai,2020/4/11,110 
ShangHai,2020/4/10,113 
ShangHai,2020/4/9,123 
ShangHai,2020/4/8,118 
ShangHai,2020/4/7,126 
ShangHai,2020/4/6,141 
ShangHai,2020/4/5,142 
ShangHai,2020/4/4,167 
ShangHai,2020/4/3,172 
ShangHai,2020/4/2,173 
ShangHai,2020/4/1,169 
ShangHai,2020/3/31,163 
ShangHai,2020/3/30,155 
ShangHai,2020/3/29,153 
ShangHai,2020/3/28,146 
ShangHai,2020/3/27,129 
ShangHai,2020/3/26,115 
ShangHai,2020/3/25,98 
ShangHai,2020/3/24,80 
ShangHai,2020/3/23,71 
ShangHai,2020/3/22,62 
ShangHai,2020/3/21,50 
ShangHai,2020/3/20,42 
ShangHai,2020/3/19,34 
ShangHai,2020/3/18,32 
ShangHai,2020/3/17,30 
ShangHai,2020/3/16,27 
ShangHai,2020/3/15,26 
ShangHai,2020/3/14,26 
ShangHai,2020/3/13,19 
ShangHai,2020/3/12,20 
ShangHai,2020/3/11,21 
ShangHai,2020/3/10,22 
ShangHai,2020/3/9,24 
ShangHai,2020/3/8,25 
ShangHai,2020/3/7,26 
ShangHai,2020/3/6,33 
ShangHai,2020/3/5,33 
ShangHai,2020/3/4,37 
ShangHai,2020/3/3,41 
ShangHai,2020/3/2,42 
ShangHai,2020/3/1,44 
ShangHai,2020/2/29,47 
ShangHai,2020/2/28,55 
ShangHai,2020/2/27,58 
ShangHai,2020/2/26,62 
ShangHai,2020/2/25,65 
ShangHai,2020/2/24,71 
ShangHai,2020/2/23,83 
ShangHai,2020/2/22,105 
ShangHai,2020/2/21,121 
ShangHai,2020/2/20,133 
ShangHai,2020/2/19,145 
ShangHai,2020/2/18,155 
ShangHai,2020/2/17,171 
ShangHai,2020/2/16,187 
ShangHai,2020/2/15,201 
ShangHai,2020/2/14,227 
ShangHai,2020/2/13,252 
ShangHai,2020/2/12,253 
ShangHai,2020/2/11,250 
ShangHai,2020/2/10,250 
ShangHai,2020/2/9,248 
ShangHai,2020/2/8,244 
ShangHai,2020/2/7,246 
ShangHai,2020/2/6,231 
ShangHai,2020/2/5,227 
ShangHai,2020/2/4,206 
ShangHai,2020/2/3,192 
ShangHai,2020/2/2,171 
ShangHai,2020/2/1,158 
ShangHai,2020/1/31,125 
ShangHai,2020/1/30,106 
ShangHai,2020/1/29,90 
ShangHai,2020/1/28,61 
ShangHai,2020/1/27,49 
ShangHai,2020/1/26,38 
ShangHai,2020/1/25,32 
ShangHai,2020/1/24,19 
ShangHai,2020/1/23,16 
ShangHai,2020/1/22,9 
ShanXi,2020/6/1,0 
ShanXi,2020/5/31,0 
ShanXi,2020/5/30,0 
ShanXi,2020/5/29,0 
ShanXi,2020/5/28,0 
ShanXi,2020/5/27,0 
ShanXi,2020/5/26,0 
ShanXi,2020/5/25,0 
ShanXi,2020/5/24,0 
ShanXi,2020/5/23,0 
ShanXi,2020/5/22,0 
ShanXi,2020/5/21,0 
ShanXi,2020/5/20,0 
ShanXi,2020/5/19,0 
ShanXi,2020/5/18,0 
ShanXi,2020/5/17,0 
ShanXi,2020/5/16,0 
ShanXi,2020/5/15,0 
ShanXi,2020/5/14,0 
ShanXi,2020/5/13,0 
ShanXi,2020/5/12,0 
ShanXi,2020/5/11,1 
ShanXi,2020/5/10,1 
ShanXi,2020/5/9,1 
ShanXi,2020/5/8,3 
ShanXi,2020/5/7,3 
ShanXi,2020/5/6,4 
ShanXi,2020/5/5,5 
ShanXi,2020/5/4,8 
ShanXi,2020/5/3,18 
ShanXi,2020/5/2,21 
ShanXi,2020/5/1,25 
ShanXi,2020/4/30,25 
ShanXi,2020/4/29,33 
ShanXi,2020/4/28,37 
ShanXi,2020/4/27,37 
ShanXi,2020/4/26,40 
ShanXi,2020/4/25,43 
ShanXi,2020/4/24,48 
ShanXi,2020/4/23,55 
ShanXi,2020/4/22,57 
ShanXi,2020/4/21,57 
ShanXi,2020/4/20,62 
ShanXi,2020/4/19,62 
ShanXi,2020/4/18,62 
ShanXi,2020/4/17,62 
ShanXi,2020/4/16,59 
ShanXi,2020/4/15,51 
ShanXi,2020/4/14,38 
ShanXi,2020/4/13,38 
ShanXi,2020/4/12,37 
ShanXi,2020/4/11,37 
ShanXi,2020/4/10,34 
ShanXi,2020/4/9,32 
ShanXi,2020/4/8,29 
ShanXi,2020/4/7,5 
ShanXi,2020/4/6,5 
ShanXi,2020/4/5,5 
ShanXi,2020/4/4,4 
ShanXi,2020/4/3,4 
ShanXi,2020/4/2,4 
ShanXi,2020/4/1,4 
ShanXi,2020/3/31,3 
ShanXi,2020/3/30,3 
ShanXi,2020/3/29,3 
ShanXi,2020/3/28,2 
ShanXi,2020/3/27,2 
ShanXi,2020/3/26,2 
ShanXi,2020/3/25,1 
ShanXi,2020/3/24,1 
ShanXi,2020/3/23,0 
ShanXi,2020/3/22,0 
ShanXi,2020/3/21,0 
ShanXi,2020/3/20,0 
ShanXi,2020/3/19,0 
ShanXi,2020/3/18,0 
ShanXi,2020/3/17,0 
ShanXi,2020/3/16,0 
ShanXi,2020/3/15,0 
ShanXi,2020/3/14,0 
ShanXi,2020/3/13,0 
ShanXi,2020/3/12,1 
ShanXi,2020/3/11,2 
ShanXi,2020/3/10,2 
ShanXi,2020/3/9,6 
ShanXi,2020/3/8,7 
ShanXi,2020/3/7,7 
ShanXi,2020/3/6,7 
ShanXi,2020/3/5,7 
ShanXi,2020/3/4,9 
ShanXi,2020/3/3,9 
ShanXi,2020/3/2,14 
ShanXi,2020/3/1,17 
ShanXi,2020/2/29,19 
ShanXi,2020/2/28,21 
ShanXi,2020/2/27,26 
ShanXi,2020/2/26,29 
ShanXi,2020/2/25,35 
ShanXi,2020/2/24,39 
ShanXi,2020/2/23,44 
ShanXi,2020/2/22,51 
ShanXi,2020/2/21,54 
ShanXi,2020/2/20,56 
ShanXi,2020/2/19,63 
ShanXi,2020/2/18,70 
ShanXi,2020/2/17,77 
ShanXi,2020/2/16,79 
ShanXi,2020/2/15,82 
ShanXi,2020/2/14,89 
ShanXi,2020/2/13,90 
ShanXi,2020/2/12,93 
ShanXi,2020/2/11,94 
ShanXi,2020/2/10,94 
ShanXi,2020/2/9,94 
ShanXi,2020/2/8,94 
ShanXi,2020/2/7,89 
ShanXi,2020/2/6,84 
ShanXi,2020/2/5,76 
ShanXi,2020/2/4,77 
ShanXi,2020/2/3,72 
ShanXi,2020/2/2,63 
ShanXi,2020/2/1,46 
ShanXi,2020/1/31,38 
ShanXi,2020/1/30,34 
ShanXi,2020/1/29,26 
ShanXi,2020/1/28,27 
ShanXi,2020/1/27,13 
ShanXi,2020/1/26,9 
ShanXi,2020/1/25,6 
ShanXi,2020/1/24,1 
ShanXi,2020/1/23,1 
ShanXi,2020/1/22,1 
SiChuan,2020/6/1,16 
SiChuan,2020/5/31,14 
SiChuan,2020/5/30,3 
SiChuan,2020/5/29,3 
SiChuan,2020/5/28,3 
SiChuan,2020/5/27,3 
SiChuan,2020/5/26,3 
SiChuan,2020/5/25,3 
SiChuan,2020/5/24,3 
SiChuan,2020/5/23,2 
SiChuan,2020/5/22,2 
SiChuan,2020/5/21,0 
SiChuan,2020/5/20,0 
SiChuan,2020/5/19,0 
SiChuan,2020/5/18,0 
SiChuan,2020/5/17,0 
SiChuan,2020/5/16,0 
SiChuan,2020/5/15,0 
SiChuan,2020/5/14,0 
SiChuan,2020/5/13,0 
SiChuan,2020/5/12,0 
SiChuan,2020/5/11,0 
SiChuan,2020/5/10,0 
SiChuan,2020/5/9,0 
SiChuan,2020/5/8,0 
SiChuan,2020/5/7,0 
SiChuan,2020/5/6,0 
SiChuan,2020/5/5,0 
SiChuan,2020/5/4,0 
SiChuan,2020/5/3,0 
SiChuan,2020/5/2,0 
SiChuan,2020/5/1,0 
SiChuan,2020/4/30,0 
SiChuan,2020/4/29,0 
SiChuan,2020/4/28,0 
SiChuan,2020/4/27,0 
SiChuan,2020/4/26,0 
SiChuan,2020/4/25,0 
SiChuan,2020/4/24,0 
SiChuan,2020/4/23,0 
SiChuan,2020/4/22,2 
SiChuan,2020/4/21,4 
SiChuan,2020/4/20,4 
SiChuan,2020/4/19,4 
SiChuan,2020/4/18,5 
SiChuan,2020/4/17,5 
SiChuan,2020/4/16,5 
SiChuan,2020/4/15,7 
SiChuan,2020/4/14,9 
SiChuan,2020/4/13,9 
SiChuan,2020/4/12,10 
SiChuan,2020/4/11,10 
SiChuan,2020/4/10,11 
SiChuan,2020/4/9,16 
SiChuan,2020/4/8,16 
SiChuan,2020/4/7,16 
SiChuan,2020/4/6,16 
SiChuan,2020/4/5,16 
SiChuan,2020/4/4,16 
SiChuan,2020/4/3,15 
SiChuan,2020/4/2,14 
SiChuan,2020/4/1,12 
SiChuan,2020/3/31,11 
SiChuan,2020/3/30,11 
SiChuan,2020/3/29,11 
SiChuan,2020/3/28,9 
SiChuan,2020/3/27,9 
SiChuan,2020/3/26,8 
SiChuan,2020/3/25,8 
SiChuan,2020/3/24,6 
SiChuan,2020/3/23,4 
SiChuan,2020/3/22,4 
SiChuan,2020/3/21,3 
SiChuan,2020/3/20,2 
SiChuan,2020/3/19,1 
SiChuan,2020/3/18,12 
SiChuan,2020/3/17,17 
SiChuan,2020/3/16,20 
SiChuan,2020/3/15,20 
SiChuan,2020/3/14,25 
SiChuan,2020/3/13,33 
SiChuan,2020/3/12,38 
SiChuan,2020/3/11,48 
SiChuan,2020/3/10,58 
SiChuan,2020/3/9,70 
SiChuan,2020/3/8,72 
SiChuan,2020/3/7,82 
SiChuan,2020/3/6,94 
SiChuan,2020/3/5,111 
SiChuan,2020/3/4,129 
SiChuan,2020/3/3,141 
SiChuan,2020/3/2,149 
SiChuan,2020/3/1,170 
SiChuan,2020/2/29,184 
SiChuan,2020/2/28,197 
SiChuan,2020/2/27,210 
SiChuan,2020/2/26,221 
SiChuan,2020/2/25,237 
SiChuan,2020/2/24,248 
SiChuan,2020/2/23,262 
SiChuan,2020/2/22,273 
SiChuan,2020/2/21,291 
SiChuan,2020/2/20,300 
SiChuan,2020/2/19,323 
SiChuan,2020/2/18,336 
SiChuan,2020/2/17,336 
SiChuan,2020/2/16,347 
SiChuan,2020/2/15,350 
SiChuan,2020/2/14,348 
SiChuan,2020/2/13,346 
SiChuan,2020/2/12,343 
SiChuan,2020/2/11,331 
SiChuan,2020/2/10,324 
SiChuan,2020/2/9,314 
SiChuan,2020/2/8,303 
SiChuan,2020/2/7,301 
SiChuan,2020/2/6,289 
SiChuan,2020/2/5,276 
SiChuan,2020/2/4,267 
SiChuan,2020/2/3,239 
SiChuan,2020/2/2,219 
SiChuan,2020/2/1,203 
SiChuan,2020/1/31,175 
SiChuan,2020/1/30,140 
SiChuan,2020/1/29,106 
SiChuan,2020/1/28,90 
SiChuan,2020/1/27,69 
SiChuan,2020/1/26,44 
SiChuan,2020/1/25,28 
SiChuan,2020/1/24,15 
SiChuan,2020/1/23,8 
SiChuan,2020/1/22,5 
TaiWan,2020/6/1,9 
TaiWan,2020/5/31,12 
TaiWan,2020/5/30,14 
TaiWan,2020/5/29,15 
TaiWan,2020/5/28,14 
TaiWan,2020/5/27,15 
TaiWan,2020/5/26,18 
TaiWan,2020/5/25,19 
TaiWan,2020/5/24,20 
TaiWan,2020/5/23,23 
TaiWan,2020/5/22,26 
TaiWan,2020/5/21,35 
TaiWan,2020/5/20,35 
TaiWan,2020/5/19,35 
TaiWan,2020/5/18,35 
TaiWan,2020/5/17,38 
TaiWan,2020/5/16,44 
TaiWan,2020/5/15,46 
TaiWan,2020/5/14,50 
TaiWan,2020/5/13,58 
TaiWan,2020/5/12,61 
TaiWan,2020/5/11,65 
TaiWan,2020/5/10,68 
TaiWan,2020/5/9,73 
TaiWan,2020/5/8,79 
TaiWan,2020/5/7,87 
TaiWan,2020/5/6,94 
TaiWan,2020/5/5,98 
TaiWan,2020/5/4,98 
TaiWan,2020/5/3,98 
TaiWan,2020/5/2,102 
TaiWan,2020/5/1,99 
TaiWan,2020/4/30,101 
TaiWan,2020/4/29,112 
TaiWan,2020/4/28,116 
TaiWan,2020/4/27,133 
TaiWan,2020/4/26,142 
TaiWan,2020/4/25,148 
TaiWan,2020/4/24,158 
TaiWan,2020/4/23,168 
TaiWan,2020/4/22,184 
TaiWan,2020/4/21,202 
TaiWan,2020/4/20,213 
TaiWan,2020/4/19,225 
TaiWan,2020/4/18,214 
TaiWan,2020/4/17,223 
TaiWan,2020/4/16,234 
TaiWan,2020/4/15,265 
TaiWan,2020/4/14,263 
TaiWan,2020/4/13,278 
TaiWan,2020/4/12,273 
TaiWan,2020/4/11,280 
TaiWan,2020/4/10,285 
TaiWan,2020/4/9,308 
TaiWan,2020/4/8,313 
TaiWan,2020/4/7,314 
TaiWan,2020/4/6,311 
TaiWan,2020/4/5,308 
TaiWan,2020/4/4,300 
TaiWan,2020/4/3,293 
TaiWan,2020/4/2,289 
TaiWan,2020/4/1,285 
TaiWan,2020/3/31,278 
TaiWan,2020/3/30,262 
TaiWan,2020/3/29,266 
TaiWan,2020/3/28,251 
TaiWan,2020/3/27,236 
TaiWan,2020/3/26,221 
TaiWan,2020/3/25,204 
TaiWan,2020/3/24,184 
TaiWan,2020/3/23,165 
TaiWan,2020/3/22,139 
TaiWan,2020/3/21,123 
TaiWan,2020/3/20,107 
TaiWan,2020/3/19,81 
TaiWan,2020/3/18,77 
TaiWan,2020/3/17,54 
TaiWan,2020/3/16,46 
TaiWan,2020/3/15,38 
TaiWan,2020/3/14,32 
TaiWan,2020/3/13,29 
TaiWan,2020/3/12,28 
TaiWan,2020/3/11,30 
TianJin,2020/6/1,1 
TianJin,2020/5/31,1 
TianJin,2020/5/30,1 
TianJin,2020/5/29,1 
TianJin,2020/5/28,1 
TianJin,2020/5/27,1 
TianJin,2020/5/26,1 
TianJin,2020/5/25,1 
TianJin,2020/5/24,1 
TianJin,2020/5/23,2 
TianJin,2020/5/22,2 
TianJin,2020/5/21,2 
TianJin,2020/5/20,2 
TianJin,2020/5/19,2 
TianJin,2020/5/18,2 
TianJin,2020/5/17,2 
TianJin,2020/5/16,2 
TianJin,2020/5/15,1 
TianJin,2020/5/14,1 
TianJin,2020/5/13,1 
TianJin,2020/5/12,2 
TianJin,2020/5/11,2 
TianJin,2020/5/10,2 
TianJin,2020/5/9,2 
TianJin,2020/5/8,2 
TianJin,2020/5/7,1 
TianJin,2020/5/6,1 
TianJin,2020/5/5,1 
TianJin,2020/5/4,1 
TianJin,2020/5/3,1 
TianJin,2020/5/2,2 
TianJin,2020/5/1,2 
TianJin,2020/4/30,3 
TianJin,2020/4/29,4 
TianJin,2020/4/28,4 
TianJin,2020/4/27,5 
TianJin,2020/4/26,5 
TianJin,2020/4/25,5 
TianJin,2020/4/24,6 
TianJin,2020/4/23,7 
TianJin,2020/4/22,10 
TianJin,2020/4/21,10 
TianJin,2020/4/20,12 
TianJin,2020/4/19,12 
TianJin,2020/4/18,13 
TianJin,2020/4/17,13 
TianJin,2020/4/16,11 
TianJin,2020/4/15,11 
TianJin,2020/4/14,14 
TianJin,2020/4/13,17 
TianJin,2020/4/12,19 
TianJin,2020/4/11,19 
TianJin,2020/4/10,22 
TianJin,2020/4/9,27 
TianJin,2020/4/8,25 
TianJin,2020/4/7,26 
TianJin,2020/4/6,33 
TianJin,2020/4/5,33 
TianJin,2020/4/4,33 
TianJin,2020/4/3,37 
TianJin,2020/4/2,38 
TianJin,2020/4/1,38 
TianJin,2020/3/31,36 
TianJin,2020/3/30,38 
TianJin,2020/3/29,30 
TianJin,2020/3/28,25 
TianJin,2020/3/27,19 
TianJin,2020/3/26,15 
TianJin,2020/3/25,9 
TianJin,2020/3/24,9 
TianJin,2020/3/23,5 
TianJin,2020/3/22,1 
TianJin,2020/3/21,1 
TianJin,2020/3/20,1 
TianJin,2020/3/19,1 
TianJin,2020/3/18,0 
TianJin,2020/3/17,0 
TianJin,2020/3/16,0 
TianJin,2020/3/15,0 
TianJin,2020/3/14,1 
TianJin,2020/3/13,1 
TianJin,2020/3/12,1 
TianJin,2020/3/11,2 
TianJin,2020/3/10,2 
TianJin,2020/3/9,3 
TianJin,2020/3/8,5 
TianJin,2020/3/7,5 
TianJin,2020/3/6,5 
TianJin,2020/3/5,5 
TianJin,2020/3/4,9 
TianJin,2020/3/3,9 
TianJin,2020/3/2,22 
TianJin,2020/3/1,22 
TianJin,2020/2/29,24 
TianJin,2020/2/28,31 
TianJin,2020/2/27,31 
TianJin,2020/2/26,36 
TianJin,2020/2/25,41 
TianJin,2020/2/24,45 
TianJin,2020/2/23,51 
TianJin,2020/2/22,67 
TianJin,2020/2/21,67 
TianJin,2020/2/20,69 
TianJin,2020/2/19,73 
TianJin,2020/2/18,77 
TianJin,2020/2/17,76 
TianJin,2020/2/16,76 
TianJin,2020/2/15,82 
TianJin,2020/2/14,86 
TianJin,2020/2/13,95 
TianJin,2020/2/12,99 
TianJin,2020/2/11,94 
TianJin,2020/2/10,86 
TianJin,2020/2/9,86 
TianJin,2020/2/8,83 
TianJin,2020/2/7,78 
TianJin,2020/2/6,76 
TianJin,2020/2/5,66 
TianJin,2020/2/4,65 
TianJin,2020/2/3,59 
TianJin,2020/2/2,47 
TianJin,2020/2/1,41 
TianJin,2020/1/31,32 
TianJin,2020/1/30,31 
TianJin,2020/1/29,27 
TianJin,2020/1/28,24 
TianJin,2020/1/27,23 
TianJin,2020/1/26,14 
TianJin,2020/1/25,10 
TianJin,2020/1/24,8 
TianJin,2020/1/23,4 
TianJin,2020/1/22,4 
XinJiang,2020/6/1,0 
XinJiang,2020/5/31,0 
XinJiang,2020/5/30,0 
XinJiang,2020/5/29,0 
XinJiang,2020/5/28,0 
XinJiang,2020/5/27,0 
XinJiang,2020/5/26,0 
XinJiang,2020/5/25,0 
XinJiang,2020/5/24,0 
XinJiang,2020/5/23,0 
XinJiang,2020/5/22,0 
XinJiang,2020/5/21,0 
XinJiang,2020/5/20,0 
XinJiang,2020/5/19,0 
XinJiang,2020/5/18,0 
XinJiang,2020/5/17,0 
XinJiang,2020/5/16,0 
XinJiang,2020/5/15,0 
XinJiang,2020/5/14,0 
XinJiang,2020/5/13,0 
XinJiang,2020/5/12,0 
XinJiang,2020/5/11,0 
XinJiang,2020/5/10,0 
XinJiang,2020/5/9,0 
XinJiang,2020/5/8,0 
XinJiang,2020/5/7,0 
XinJiang,2020/5/6,0 
XinJiang,2020/5/5,0 
XinJiang,2020/5/4,0 
XinJiang,2020/5/3,0 
XinJiang,2020/5/2,0 
XinJiang,2020/5/1,0 
XinJiang,2020/4/30,0 
XinJiang,2020/4/29,0 
XinJiang,2020/4/28,0 
XinJiang,2020/4/27,0 
XinJiang,2020/4/26,0 
XinJiang,2020/4/25,0 
XinJiang,2020/4/24,0 
XinJiang,2020/4/23,0 
XinJiang,2020/4/22,0 
XinJiang,2020/4/21,0 
XinJiang,2020/4/20,0 
XinJiang,2020/4/19,0 
XinJiang,2020/4/18,0 
XinJiang,2020/4/17,0 
XinJiang,2020/4/16,0 
XinJiang,2020/4/15,0 
XinJiang,2020/4/14,0 
XinJiang,2020/4/13,0 
XinJiang,2020/4/12,0 
XinJiang,2020/4/11,0 
XinJiang,2020/4/10,0 
XinJiang,2020/4/9,0 
XinJiang,2020/4/8,0 
XinJiang,2020/4/7,0 
XinJiang,2020/4/6,0 
XinJiang,2020/4/5,0 
XinJiang,2020/4/4,0 
XinJiang,2020/4/3,0 
XinJiang,2020/4/2,0 
XinJiang,2020/4/1,0 
XinJiang,2020/3/31,0 
XinJiang,2020/3/30,0 
XinJiang,2020/3/29,0 
XinJiang,2020/3/28,0 
XinJiang,2020/3/27,0 
XinJiang,2020/3/26,0 
XinJiang,2020/3/25,0 
XinJiang,2020/3/24,0 
XinJiang,2020/3/23,0 
XinJiang,2020/3/22,0 
XinJiang,2020/3/21,0 
XinJiang,2020/3/20,0 
XinJiang,2020/3/19,0 
XinJiang,2020/3/18,0 
XinJiang,2020/3/17,0 
XinJiang,2020/3/16,0 
XinJiang,2020/3/15,0 
XinJiang,2020/3/14,0 
XinJiang,2020/3/13,0 
XinJiang,2020/3/12,0 
XinJiang,2020/3/11,0 
XinJiang,2020/3/10,0 
XinJiang,2020/3/9,0 
XinJiang,2020/3/8,0 
XinJiang,2020/3/7,1 
XinJiang,2020/3/6,2 
XinJiang,2020/3/5,3 
XinJiang,2020/3/4,4 
XinJiang,2020/3/3,5 
XinJiang,2020/3/2,7 
XinJiang,2020/3/1,9 
XinJiang,2020/2/29,11 
XinJiang,2020/2/28,21 
XinJiang,2020/2/27,31 
XinJiang,2020/2/26,40 
XinJiang,2020/2/25,44 
XinJiang,2020/2/24,44 
XinJiang,2020/2/23,46 
XinJiang,2020/2/22,49 
XinJiang,2020/2/21,51 
XinJiang,2020/2/20,53 
XinJiang,2020/2/19,55 
XinJiang,2020/2/18,63 
XinJiang,2020/2/17,62 
XinJiang,2020/2/16,58 
XinJiang,2020/2/15,59 
XinJiang,2020/2/14,58 
XinJiang,2020/2/13,56 
XinJiang,2020/2/12,56 
XinJiang,2020/2/11,52 
XinJiang,2020/2/10,49 
XinJiang,2020/2/9,45 
XinJiang,2020/2/8,42 
XinJiang,2020/2/7,39 
XinJiang,2020/2/6,36 
XinJiang,2020/2/5,32 
XinJiang,2020/2/4,29 
XinJiang,2020/2/3,24 
XinJiang,2020/2/2,21 
XinJiang,2020/2/1,18 
XinJiang,2020/1/31,17 
XinJiang,2020/1/30,14 
XinJiang,2020/1/29,13 
XinJiang,2020/1/28,10 
XinJiang,2020/1/27,5 
XinJiang,2020/1/26,4 
XinJiang,2020/1/25,3 
XinJiang,2020/1/24,2 
XinJiang,2020/1/23,2 
XiZang,2020/6/1,0 
XiZang,2020/5/31,0 
XiZang,2020/5/30,0 
XiZang,2020/5/29,0 
XiZang,2020/5/28,0 
XiZang,2020/5/27,0 
XiZang,2020/5/26,0 
XiZang,2020/5/25,0 
XiZang,2020/5/24,0 
XiZang,2020/5/23,0 
XiZang,2020/5/22,0 
XiZang,2020/5/21,0 
XiZang,2020/5/20,0 
XiZang,2020/5/19,0 
XiZang,2020/5/18,0 
XiZang,2020/5/17,0 
XiZang,2020/5/16,0 
XiZang,2020/5/15,0 
XiZang,2020/5/14,0 
XiZang,2020/5/13,0 
XiZang,2020/5/12,0 
XiZang,2020/5/11,0 
XiZang,2020/5/10,0 
XiZang,2020/5/9,0 
XiZang,2020/5/8,0 
XiZang,2020/5/7,0 
XiZang,2020/5/6,0 
XiZang,2020/5/5,0 
XiZang,2020/5/4,0 
XiZang,2020/5/3,0 
XiZang,2020/5/2,0 
XiZang,2020/5/1,0 
XiZang,2020/4/30,0 
XiZang,2020/4/29,0 
XiZang,2020/4/28,0 
XiZang,2020/4/27,0 
XiZang,2020/4/26,0 
XiZang,2020/4/25,0 
XiZang,2020/4/24,0 
XiZang,2020/4/23,0 
XiZang,2020/4/22,0 
XiZang,2020/4/21,0 
XiZang,2020/4/20,0 
XiZang,2020/4/19,0 
XiZang,2020/4/18,0 
XiZang,2020/4/17,0 
XiZang,2020/4/16,0 
XiZang,2020/4/15,0 
XiZang,2020/4/14,0 
XiZang,2020/4/13,0 
XiZang,2020/4/12,0 
XiZang,2020/4/11,0 
XiZang,2020/4/10,0 
XiZang,2020/4/9,0 
XiZang,2020/4/8,0 
XiZang,2020/4/7,0 
XiZang,2020/4/6,0 
XiZang,2020/4/5,0 
XiZang,2020/4/4,0 
XiZang,2020/4/3,0 
XiZang,2020/4/2,0 
XiZang,2020/4/1,0 
XiZang,2020/3/31,0 
XiZang,2020/3/30,0 
XiZang,2020/3/29,0 
XiZang,2020/3/28,0 
XiZang,2020/3/27,0 
XiZang,2020/3/26,0 
XiZang,2020/3/25,0 
XiZang,2020/3/24,0 
XiZang,2020/3/23,0 
XiZang,2020/3/22,0 
XiZang,2020/3/21,0 
XiZang,2020/3/20,0 
XiZang,2020/3/19,0 
XiZang,2020/3/18,0 
XiZang,2020/3/17,0 
XiZang,2020/3/16,0 
XiZang,2020/3/15,0 
XiZang,2020/3/14,0 
XiZang,2020/3/13,0 
XiZang,2020/3/12,0 
XiZang,2020/3/11,0 
XiZang,2020/3/10,0 
XiZang,2020/3/9,0 
XiZang,2020/3/8,0 
XiZang,2020/3/7,0 
XiZang,2020/3/6,0 
XiZang,2020/3/5,0 
XiZang,2020/3/4,0 
XiZang,2020/3/3,0 
XiZang,2020/3/2,0 
XiZang,2020/3/1,0 
XiZang,2020/2/29,0 
XiZang,2020/2/28,0 
XiZang,2020/2/27,0 
XiZang,2020/2/26,0 
XiZang,2020/2/25,0 
XiZang,2020/2/24,0 
XiZang,2020/2/23,0 
XiZang,2020/2/22,0 
XiZang,2020/2/21,0 
XiZang,2020/2/20,0 
XiZang,2020/2/19,0 
XiZang,2020/2/18,0 
XiZang,2020/2/17,0 
XiZang,2020/2/16,0 
XiZang,2020/2/15,0 
XiZang,2020/2/14,0 
XiZang,2020/2/13,0 
XiZang,2020/2/12,0 
XiZang,2020/2/11,1 
XiZang,2020/2/10,1 
XiZang,2020/2/9,1 
XiZang,2020/2/8,1 
XiZang,2020/2/7,1 
XiZang,2020/2/6,1 
XiZang,2020/2/5,1 
XiZang,2020/2/4,1 
XiZang,2020/2/3,1 
XiZang,2020/2/2,1 
XiZang,2020/2/1,1 
XiZang,2020/1/31,1 
XiZang,2020/1/30,1 
YunNan,2020/6/1,0 
YunNan,2020/5/31,0 
YunNan,2020/5/30,0 
YunNan,2020/5/29,0 
YunNan,2020/5/28,0 
YunNan,2020/5/27,0 
YunNan,2020/5/26,0 
YunNan,2020/5/25,0 
YunNan,2020/5/24,0 
YunNan,2020/5/23,0 
YunNan,2020/5/22,0 
YunNan,2020/5/21,0 
YunNan,2020/5/20,0 
YunNan,2020/5/19,0 
YunNan,2020/5/18,0 
YunNan,2020/5/17,0 
YunNan,2020/5/16,0 
YunNan,2020/5/15,0 
YunNan,2020/5/14,0 
YunNan,2020/5/13,0 
YunNan,2020/5/12,0 
YunNan,2020/5/11,0 
YunNan,2020/5/10,0 
YunNan,2020/5/9,0 
YunNan,2020/5/8,1 
YunNan,2020/5/7,1 
YunNan,2020/5/6,2 
YunNan,2020/5/5,2 
YunNan,2020/5/4,2 
YunNan,2020/5/3,2 
YunNan,2020/5/2,2 
YunNan,2020/5/1,2 
YunNan,2020/4/30,2 
YunNan,2020/4/29,2 
YunNan,2020/4/28,2 
YunNan,2020/4/27,2 
YunNan,2020/4/26,2 
YunNan,2020/4/25,2 
YunNan,2020/4/24,3 
YunNan,2020/4/23,2 
YunNan,2020/4/22,4 
YunNan,2020/4/21,4 
YunNan,2020/4/20,4 
YunNan,2020/4/19,4 
YunNan,2020/4/18,5 
YunNan,2020/4/17,5 
YunNan,2020/4/16,6 
YunNan,2020/4/15,6 
YunNan,2020/4/14,7 
YunNan,2020/4/13,8 
YunNan,2020/4/12,8 
YunNan,2020/4/11,8 
YunNan,2020/4/10,9 
YunNan,2020/4/9,9 
YunNan,2020/4/8,9 
YunNan,2020/4/7,9 
YunNan,2020/4/6,10 
YunNan,2020/4/5,10 
YunNan,2020/4/4,10 
YunNan,2020/4/3,10 
YunNan,2020/4/2,9 
YunNan,2020/4/1,8 
YunNan,2020/3/31,8 
YunNan,2020/3/30,6 
YunNan,2020/3/29,6 
YunNan,2020/3/28,6 
YunNan,2020/3/27,6 
YunNan,2020/3/26,4 
YunNan,2020/3/25,2 
YunNan,2020/3/24,2 
YunNan,2020/3/23,2 
YunNan,2020/3/22,2 
YunNan,2020/3/21,2 
YunNan,2020/3/20,2 
YunNan,2020/3/19,2 
YunNan,2020/3/18,2 
YunNan,2020/3/17,2 
YunNan,2020/3/16,2 
YunNan,2020/3/15,0 
YunNan,2020/3/14,0 
YunNan,2020/3/13,2 
YunNan,2020/3/12,2 
YunNan,2020/3/11,2 
YunNan,2020/3/10,2 
YunNan,2020/3/9,2 
YunNan,2020/3/8,2 
YunNan,2020/3/7,2 
YunNan,2020/3/6,2 
YunNan,2020/3/5,3 
YunNan,2020/3/4,3 
YunNan,2020/3/3,3 
YunNan,2020/3/2,4 
YunNan,2020/3/1,9 
YunNan,2020/2/29,15 
YunNan,2020/2/28,16 
YunNan,2020/2/27,22 
YunNan,2020/2/26,28 
YunNan,2020/2/25,43 
YunNan,2020/2/24,48 
YunNan,2020/2/23,57 
YunNan,2020/2/22,65 
YunNan,2020/2/21,76 
YunNan,2020/2/20,93 
YunNan,2020/2/19,111 
YunNan,2020/2/18,115 
YunNan,2020/2/17,124 
YunNan,2020/2/16,129 
YunNan,2020/2/15,126 
YunNan,2020/2/14,126 
YunNan,2020/2/13,129 
YunNan,2020/2/12,128 
YunNan,2020/2/11,133 
YunNan,2020/2/10,130 
YunNan,2020/2/9,123 
YunNan,2020/2/8,121 
YunNan,2020/2/7,126 
YunNan,2020/2/6,126 
YunNan,2020/2/5,123 
YunNan,2020/2/4,117 
YunNan,2020/2/3,112 
YunNan,2020/2/2,102 
YunNan,2020/2/1,91 
YunNan,2020/1/31,82 
YunNan,2020/1/30,70 
YunNan,2020/1/29,55 
YunNan,2020/1/28,44 
YunNan,2020/1/27,26 
YunNan,2020/1/26,16 
YunNan,2020/1/25,11 
YunNan,2020/1/24,5 
YunNan,2020/1/23,2 
YunNan,2020/1/22,1 
ZheJiang,2020/6/1,0 
ZheJiang,2020/5/31,0 
ZheJiang,2020/5/30,0 
ZheJiang,2020/5/29,0 
ZheJiang,2020/5/28,0 
ZheJiang,2020/5/27,0 
ZheJiang,2020/5/26,0 
ZheJiang,2020/5/25,0 
ZheJiang,2020/5/24,0 
ZheJiang,2020/5/23,0 
ZheJiang,2020/5/22,0 
ZheJiang,2020/5/21,0 
ZheJiang,2020/5/20,0 
ZheJiang,2020/5/19,0 
ZheJiang,2020/5/18,0 
ZheJiang,2020/5/17,0 
ZheJiang,2020/5/16,0 
ZheJiang,2020/5/15,0 
ZheJiang,2020/5/14,0 
ZheJiang,2020/5/13,0 
ZheJiang,2020/5/12,0 
ZheJiang,2020/5/11,0 
ZheJiang,2020/5/10,0 
ZheJiang,2020/5/9,0 
ZheJiang,2020/5/8,0 
ZheJiang,2020/5/7,0 
ZheJiang,2020/5/6,0 
ZheJiang,2020/5/5,0 
ZheJiang,2020/5/4,0 
ZheJiang,2020/5/3,2 
ZheJiang,2020/5/2,2 
ZheJiang,2020/5/1,2 
ZheJiang,2020/4/30,3 
ZheJiang,2020/4/29,4 
ZheJiang,2020/4/28,5 
ZheJiang,2020/4/27,6 
ZheJiang,2020/4/26,9 
ZheJiang,2020/4/25,10 
ZheJiang,2020/4/24,11 
ZheJiang,2020/4/23,11 
ZheJiang,2020/4/22,15 
ZheJiang,2020/4/21,16 
ZheJiang,2020/4/20,18 
ZheJiang,2020/4/19,20 
ZheJiang,2020/4/18,21 
ZheJiang,2020/4/17,21 
ZheJiang,2020/4/16,23 
ZheJiang,2020/4/15,23 
ZheJiang,2020/4/14,24 
ZheJiang,2020/4/13,27 
ZheJiang,2020/4/12,28 
ZheJiang,2020/4/11,30 
ZheJiang,2020/4/10,31 
ZheJiang,2020/4/9,31 
ZheJiang,2020/4/8,33 
ZheJiang,2020/4/7,34 
ZheJiang,2020/4/6,33 
ZheJiang,2020/4/5,32 
ZheJiang,2020/4/4,32 
ZheJiang,2020/4/3,31 
ZheJiang,2020/4/2,29 
ZheJiang,2020/4/1,30 
ZheJiang,2020/3/31,30 
ZheJiang,2020/3/30,29 
ZheJiang,2020/3/29,28 
ZheJiang,2020/3/28,25 
ZheJiang,2020/3/27,24 
ZheJiang,2020/3/26,20 
ZheJiang,2020/3/25,19 
ZheJiang,2020/3/24,18 
ZheJiang,2020/3/23,16 
ZheJiang,2020/3/22,17 
ZheJiang,2020/3/21,16 
ZheJiang,2020/3/20,14 
ZheJiang,2020/3/19,15 
ZheJiang,2020/3/18,15 
ZheJiang,2020/3/17,15 
ZheJiang,2020/3/16,14 
ZheJiang,2020/3/15,19 
ZheJiang,2020/3/14,15 
ZheJiang,2020/3/13,17 
ZheJiang,2020/3/12,17 
ZheJiang,2020/3/11,19 
ZheJiang,2020/3/10,23 
ZheJiang,2020/3/9,38 
ZheJiang,2020/3/8,53 
ZheJiang,2020/3/7,60 
ZheJiang,2020/3/6,67 
ZheJiang,2020/3/5,90 
ZheJiang,2020/3/4,98 
ZheJiang,2020/3/3,119 
ZheJiang,2020/3/2,136 
ZheJiang,2020/3/1,158 
ZheJiang,2020/2/29,188 
ZheJiang,2020/2/28,229 
ZheJiang,2020/2/27,272 
ZheJiang,2020/2/26,337 
ZheJiang,2020/2/25,396 
ZheJiang,2020/2/24,422 
ZheJiang,2020/2/23,444 
ZheJiang,2020/2/22,485 
ZheJiang,2020/2/21,523 
ZheJiang,2020/2/20,541 
ZheJiang,2020/2/19,570 
ZheJiang,2020/2/18,637 
ZheJiang,2020/2/17,664 
ZheJiang,2020/2/16,711 
ZheJiang,2020/2/15,734 
ZheJiang,2020/2/14,752 
ZheJiang,2020/2/13,785 
ZheJiang,2020/2/12,810 
ZheJiang,2020/2/11,847 
ZheJiang,2020/2/10,850 
ZheJiang,2020/2/9,874 
ZheJiang,2020/2/8,873 
ZheJiang,2020/2/7,883 
ZheJiang,2020/2/6,860 
ZheJiang,2020/2/5,817 
ZheJiang,2020/2/4,767 
ZheJiang,2020/2/3,681 
ZheJiang,2020/2/2,629 
ZheJiang,2020/2/1,578 
ZheJiang,2020/1/31,524 
ZheJiang,2020/1/30,424 
ZheJiang,2020/1/29,293 
ZheJiang,2020/1/28,170 
ZheJiang,2020/1/27,127 
ZheJiang,2020/1/26,103 
ZheJiang,2020/1/25,61 
ZheJiang,2020/1/24,42 
ZheJiang,2020/1/23,27 
ZheJiang,2020/1/22,10 
